Name,StoreName,Price,Category
Sony WH-1000XM5 Wireless Headphones,Gjirafa50,100.0,Audio
Sony WH-1000XM5 Wireless Headphones,Gjirafa50,100.0,Audio
Sony WH-1000XM5 Wireless Headphones,Gjirafa50,80.0,Audio
Samsung Galaxy S23 Ultra,Gjirafa50,100.0,Smartphone
Samsung Galaxy S23 Ultra,Gjirafa50,100.0,Smartphone
Samsung Galaxy S23 Ultra,Gjirafa50,100.0,Smartphone
Samsung Galaxy S23 Ultra,Gjirafa50,110.0,Smartphone
Logitech MX Master 3S,Gjirafa50,50.0,Other
Logitech MX Master 3S,Gjirafa50,50.0,Other
Logitech MX Master 3S,Gjirafa50,50.0,Other
"Apple iPhone 17 Pro Max, 256GB, Cosmic Orange",Gjirafa50,1699.5,Smartphone
"Karrige SENSE7 Spellcaster, e zezë",Gjirafa50,109.5,Furniture
"Set satelitor Starlink Standard V4, i bardhë/ hirtë",Gjirafa50,269.5,Other
"Tavolinë elektrike SENSE7 NOJO LIGHT, 140 x 70 cm, kafe e errët",Gjirafa50,109.5,Other
"Apple iPhone 17 Pro Max, 256GB, Deep Blue",Gjirafa50,1699.5,Smartphone
"Stiluese për flokë Dyson Airwrap Multistyler, e kaltër/topaz",Gjirafa50,629.5,Other
"RTX 5070 Ti, AMD Ryzen 7 9800X3D, 32GB RAM, 1TB SSD, Gaming PC Gjirafa50 Black Series 7",Gjirafa50,1799.5,Computer/Component
"RTX 5070, AMD Ryzen 7 9800X3D, 32GB RAM, 1TB SSD, Gaming PC Gjirafa50 Black Series 3",Gjirafa50,1549.5,Computer/Component
"Tavolinë SENSE7 Nomad Basic, 140cm x 60cm, e zezë",Gjirafa50,79.5,Other
"Apple iPhone 17 Pro Max, 256GB, Silver",Gjirafa50,1699.5,Smartphone
"Tastierë Dell KB-216, US",Gjirafa50,14.5,Other
"Dëgjuese Dudao U15H, të zeza, pa kabllo",Gjirafa50,14.5,Other
"Maus Logitech B120, USB Type-A, i bardhë",Gjirafa50,6.5,Gaming
"Kartelë grafike ASUS PRIME RTX 5070 TI OC Edition, 16GB GDDR7",Gjirafa50,749.5,Computer/Component
"Mauspad Iso Trade Trade, XXL, i zi",Gjirafa50,7.5,Gaming
"Monitor LED Samsung 32UJ59 - 32"" (81cm), 4K UHD, i kaltër i mbylltë / hirtë",Gjirafa50,339.5,Monitor
"Procesor AMD Ryzen 7 9800X3D, Tray",Gjirafa50,429.5,Computer/Component
"Memorie operative Kingston Fury Beast, 32GB (2x 16GB) DDR5 CL30",Gjirafa50,279.5,Other
"Laptop Lenovo NB LOQ 15AHP10, 15.6"", AMD Ryzen 7 250, 16GB RAM, 1TB SSD, NVIDIA GeForce RTX 5050 8GB GDDR7, i hirtë",Gjirafa50,1079.5,Laptop
"Çantë shpine Lenovo B210 për laptop, 15.6""",Gjirafa50,14.5,Laptop
"Karrige SENSE7 Spellcaster, e zezë",Gjirafa50,109.5,Furniture
"Tavolinë SENSE7 Nomad Basic, 140cm x 60cm, e zezë",Gjirafa50,79.5,Other
"Monitor AOC 25G3ZM/BK, 24.5"", 1920 x 1080 (FullHD), 240Hz, i zi/ kuq",Gjirafa50,149.5,Monitor
"Karrige SENSE7 Prism, e zezë",Gjirafa50,79.5,Furniture
"Tavolinë SENSE7 Classic Desk, 140cm x 60cm, e zezë",Gjirafa50,99.5,Furniture
"Karrige SENSE7 Knight, e zezë",Gjirafa50,99.5,Furniture
"Karrige SENSE7 Spellcaster Senshi Edition, e hirtë",Gjirafa50,139.5,Furniture
"Karrige SENSE7 Vanguard, me pëlhurë, e zezë",Gjirafa50,159.5,Furniture
"Tablet Samsung Galaxy Tab A9+ LTE X216, 6/128, i hirtë",Gjirafa50,239.5,Tablet
"Monitor Lenovo Legion R27fc-30, 27"", 1920 x 1080, Full HD, 240 Hz, i zi",Gjirafa50,198.5,Monitor
"Laptop Lenovo IdeaPad Slim 3 16ABR8, 16″ , AMD Ryzen 7 5825U, 16 GB RAM, 512 GB SSD, AMD Radeon Graphics, i hirtë",Gjirafa50,449.5,Laptop
"Procesor AMD Ryzen 7 7800X3D, 4.2 GHz, Bulk",Gjirafa50,329.5,Computer/Component
"Laptop Lenovo Legion PRO 7 16IAX10H, 16"", WQXGA, Intel Ultra9 275HX, 32GB RAM, 2TB SSD, Nvidia RTX 5080 16GB, i zi",Gjirafa50,3499.5,Laptop
"Tavolinë elektrike SENSE7 Nojo, 120cm x 60cm, e zezë",Gjirafa50,99.5,Other
"[OUTLET] Fshesë robotike me vakum Xiaomi Roidmi EVE Plus, e bardhë",Gjirafa50,361.5,Smartphone
"Monitor Samsung Odyssey G5 - 34'' LED, UW-QHD, i zi",Gjirafa50,299.5,Monitor
"RTX 5060, AMD Ryzen 7 7800X3D, 32GB RAM, 1TB SSD - Gaming PC Gjirafa50 Black Series 1",Gjirafa50,1079.5,Computer/Component
"Televizor LED 65V6B, 65"", 4K HDR, i zi",Gjirafa50,479.5,Other
"Monitor Lenovo Legion R27fc-30, 27"", 1920 x 1080, Full HD, 240 Hz, i zi",Gjirafa50,198.5,Monitor
Fshesë robotike Eufy RoboVac X10 Pro Omni,Gjirafa50,1079.5,Other
"Karrige SENSE7 Spellcaster FUKU XL, material, e zezë",Gjirafa50,149.5,Furniture
"Kompjuter Gjirafa50, AMD Ryzen 7 7800X3D, 32GB RAM, 1TB SSD, MSI GeForce RTX 5060 8GB VENTUS 2X OC, i zi",Gjirafa50,1209.5,Computer/Component
"Kompjuter Asus PC Gaming ROG Strix, Intel Core i5, 16GB RAM, 512GB SSD + 1TB HDD, NVIDIA GeForce RTX RTX 3070, i zi",Gjirafa50,1099.5,Computer/Component
"Kufje HyperX Cloud III (727A9AA), të zeza/ kuqe",Gjirafa50,99.5,Other
"Karrige SENSE7 Spellcaster FUKU, material+lëkurë, e zezë/ bezhë",Gjirafa50,129.5,Furniture
"Laptop MSI Titan 18 HX A14VIG, 18"", 4K, Intel i9-14900HX, 128GB RAM, 2TB + 2TB SSD, RTX 4090, i zi",Gjirafa50,5199.5,Laptop
"Apple MacBook Air 13.6"", M2 8-core, 16GB, 256GB, 8-core GPU, Midnight",Gjirafa50,1199.5,Other
Black Series Bundle 3,Gjirafa50,1879.5,Other
"Monitor MSI MAG 255F E20, 24.5'', FHD, 200HZ, i zi",Gjirafa50,99.5,Monitor
"Fshesë robotike Xiaomi S20, me shtupë, e bardhë",Gjirafa50,194.5,Smartphone
"RTX 5070, AMD Ryzen 7 7800X3D, 32GB RAM, 1TB SSD, Gaming PC Gjirafa50 Black Series 2",Gjirafa50,1399.5,Computer/Component
"Tablet muPAD L10, 10.1"", 4GB/ 64GB, LTE, i argjendtë + Këllëf mbrojtës",Gjirafa50,49.5,Tablet
"Apple iPhone 17, 256GB, Black",Gjirafa50,1099.5,Smartphone
"Celular Samsung Galaxy S25 Ultra, 6.9"", 12GB/ 512GB, Titanium Gray",Gjirafa50,1299.5,Smartphone
"Maus Kysona M617, i bardhë",Gjirafa50,39.5,Gaming
"Apple MacBook Pro, 14"", M5 10-core, 16GB, 512GB, 10-core GPU, Space Black",Gjirafa50,1799.5,Other
"Laptop Lenovo NB V15 G2 ITL,15.6"", Intel Core i5, 8GB RAM, 256GB SSD, i zi",Gjirafa50,379.5,Laptop
Konzolë Nintendo Switch 2 + Mario Card World,Gjirafa50,599.5,Gaming
"Laptop MSI Thin 15 B12VE-1817XPL, 15.6"", Intel Core i5-12450H, 16GB RAM, 512GB SSD, NVIDIA GeForce RTX 4050, i hirtë",Gjirafa50,749.5,Laptop
"Procesor AMD Ryzen 7 9800X3D, Tray",Gjirafa50,429.5,Computer/Component
Fshesë robotike me vakuum Xiaomi X10,Gjirafa50,409.5,Smartphone
"Televizor TCL 85V6B LED, 85"", 4K Ultra HD, i zi",Gjirafa50,899.5,Other
"Maus Logitech G PRO X SuperLight 2, i zi",Gjirafa50,129.5,Gaming
"Televizor Samsung QE65Q70DATXXH, 65"", QLED, 4K, i zi",Gjirafa50,1549.5,Other
"Çantë shpine Lenovo B210 për laptop, 15.6""",Gjirafa50,14.5,Laptop
"Mauspad Krux Space Carpet MAX, XXXL, shumëngjyrësh",Gjirafa50,29.5,Gaming
"Maus Kysona Jupiter Ultra dual 8k, i kuq",Gjirafa50,49.5,Gaming
"Karrige SENSE7 Prism, e zezë",Gjirafa50,79.5,Furniture
Apple iPhone 17 Pro Max Clear Case with MagSafe,Gjirafa50,69.5,Smartphone
"Konzolë Sony PlayStation 5 Pro, 2TB, e bardhë/zezë",Gjirafa50,769.5,Gaming
Apple AirPods Pro3 with MagSafe Case (USB-C),Gjirafa50,299.5,Other
"Set satelitor Starlink Mini, i bardhë/ hirtë",Gjirafa50,254.5,Other
"Kamerë Sony vlog ZV-E10 + 16-50mm, e zezë",Gjirafa50,899.5,Smart Home/Camera
"Televizor TCL 75P61B, 75"", LED 4K UHD, i zi",Gjirafa50,659.5,Other
"Monitor MSI MAG 255XF, 24.5"", FHD, 300hz, i zi",Gjirafa50,169.5,Monitor
Black Series Bundle 2,Gjirafa50,1399.5,Other
"RTX 5070, AMD Ryzen 5 7500X3D, 32GB RAM, 1TB SSD, Gaming PC Gjirafa50 Black Series 5",Gjirafa50,1279.5,Computer/Component
"Mbajtëse për monitor SENSE7, 17""-32"", e zezë",Gjirafa50,29.5,Monitor
"Monitor AOC 24G4XE, 23.8"", Full HD, i zi",Gjirafa50,119.5,Monitor
"Laptop Lenovo IdeaPad Slim5 14IRH10, 14"", Intel Core i5-13420H, 16GB RAM, 512GB SSD, Intel UHD Graphics, i hirtë",Gjirafa50,539.5,Laptop
Karikues për bateri Dunlop 6/12 V 1A Lead & Gel,Gjirafa50,44.5,Other
"Kompjuter Gjirafa50, Intel Core i5-14600KF, 32GB RAM, 1TB SSD, MSI GeForce RTX 5060 8GB VENTUS 2X OC, transparent, i zi",Gjirafa50,899.5,Computer/Component
"Monitor BenQ Zowie XL2586X+, 24.1"", Full HD, 600Hz, i zi",Gjirafa50,1269.5,Monitor
"Karrige SENSE7 Sentinel, me pëlhurë, e zezë",Gjirafa50,169.5,Furniture
"Pllakë amë GigaByte MB AMD B650 Chipset, AMD Ryzen 9000, DDR5, PCIe 5.0, e zezë",Gjirafa50,129.5,Other
"Apple iPhone Air, 256GB, Space Black",Gjirafa50,1399.5,Smartphone
"RTX 5070 Ti, AMD Ryzen 7 7800X3D, 32GB RAM, 1TB SSD, Gaming PC Gjirafa50 Black Series 8",Gjirafa50,1749.5,Computer/Component
"Apple iPhone 16, 128GB, Pink",Gjirafa50,999.5,Smartphone
"Maus Razer Viper V3 HyperSpeed, i zi",Gjirafa50,79.5,Gaming
"Mauspad Iso Trade Trade, XXL, i zi",Gjirafa50,7.5,Gaming
"Monitor i presionit të gjakut Beurer BC44, i bardhë",Gjirafa50,54.5,Monitor
"Laptop Lenovo V15 G2-IJL ,N4500, 8GB RAM, 256GB SSD, Intel UHD Graphics",Gjirafa50,229.0,Laptop
Mauspad Gjirafa50 Fiftypad - L,Gjirafa50,19.5,Gaming
"Maus Logitech G Pro X Superlight 2 Wireless, i bardhë",Gjirafa50,149.5,Gaming
"Konzolë Sony Play Station 5 Digital Edition EA Sports FC 26, e bardhë/zezë",Gjirafa50,549.5,Other
"RX 9060 XT, AMD Ryzen 7 7800X3D, 32GB RAM, 1TB SSD, Gaming PC Gjirafa50 Black Series 25",Gjirafa50,1059.5,Computer/Component
Fshesë robotike Xiaomi Robot Vacuum X10 EU,Gjirafa50,349.5,Smartphone
"Mbështjellëse për iPhone 15 Pro Max Spigen Thin Fit, e zezë",Gjirafa50,24.5,Smartphone
"Laptop Lenovo IdeaPad Slim 5 14Q8X9, 14″, Qualcomm Snapdragon X1P, 32GB RAM, 1TB SSD, i argjendtë",Gjirafa50,979.5,Laptop
"Konzolë Sony PlayStation 5 Slim Digital, 2xDualsense, Wireless, i bardhë/zi",Gjirafa50,609.5,Gaming
"Laptop Lenovo NB IdeaPad 1 15IJL7, 15.6"", Intel Celeron N4500, 8GB RAM, 256GB SSD, Intel UHD Graphics, i hirtë",Gjirafa50,249.5,Laptop
"Thithëse elektrike Philips XB2125/09, 850 W, e kaltër",Gjirafa50,149.9,Other
"Laptop Asus TUF Gaming F16 FX608, 16"", Intel Core i5-13450HX, 16 GB RAM, 512 GB SSD, NVIDIA GeForce RTX 5060 Laptop GPU, i zi",Gjirafa50,1179.5,Laptop
"Karrige për zyrë SENSE7 NOBU, e zezë",Gjirafa50,149.5,Furniture
Monitorues për foshnje Avent SCD921/26,Gjirafa50,369.5,Monitor
"Kompjuter Gjirafa50, AMD Ryzen 7 7800X3D, 4.2 GHz, 32GB RAM, 1TB SSD, ASUS Dual NVIDIA RTX5060TI-O8G VGA 90YV0MP2-M0NA00, i zi",Gjirafa50,1399.5,Computer/Component
"Celular Samsung Galaxy A56 5G, 8/128GB, i zi",Gjirafa50,359.5,Smartphone
"Laptop Lenovo Legion Pro, 16"", Intel i7-14700HX, 32 GB RAM, 1 TB SSD, NVIDIA GeForce RTX 4060, i hirtë",Gjirafa50,1599.5,Laptop
"Apple MacBook Air, 13.6"", M4 10-core, 24GB, 512GB SSD, 10-core GPU, Midnight",Gjirafa50,1529.5,Computer/Component
Sony Cyber-shot DSC-RX100 VII,Gjirafa50,1350.0,Other
"RTX 5060, AMD Ryzen 5 7500X3D, 32GB RAM, 1TB SSD, Gaming PC Gjirafa50 Black Series 4",Gjirafa50,979.5,Computer/Component
"Kompjuter Lenovo Gaming Legion T5 26IAB7, Intel Core i5-12400, 1TB SSD, 16 GB RAM, NVIDIA GeForce RTX 3060 Ti, i zi",Gjirafa50,1071.5,Computer/Component
"Laptop Lenovo IdeaPad Slim 5 14IRH10R 14"", Intel Core 7 240H, 32GB DDR5, 1TB SSD, Intel Graphics, i hirtë",Gjirafa50,899.5,Laptop
"Tavolinë elektrike SENSE7 NOJO LIGHT, 120 cm x 60 cm, kafe e hapur / zezë",Gjirafa50,89.5,Other
"Monitor Dell AW2525HM, 24.5"", 320 Hz, i zi",Gjirafa50,209.5,Monitor
"Apple iPhone 16 Pro Max Silicone Case with MagSafe, Denim",Gjirafa50,69.5,Smartphone
"RTX 5060, AMD Ryzen 5 8400F, 32GB RAM, 1TB SSD, Gaming PC Gjirafa50 Black Series 6",Gjirafa50,879.5,Computer/Component
"Televizor Samsung UE55BU8572UXXH, 55"", 4K UHD, i zi",Gjirafa50,1299.5,Other
"Tavolinë elektrike SENSE7 NOJO LIGHT, 120 x 60 cm, e zezë",Gjirafa50,99.5,Other
"Apple Watch Series 11 GPS 46mm Jet Black Aluminium Case with Black Sport Band, M/L",Gjirafa50,529.5,Smartwatch
"Laptop Acer NB Aspire 5 15-58P-59FW, 15.6"", Intel Core i5, 8GB RAM, 256GB SSD, i hirtë i errët",Gjirafa50,399.5,Laptop
"Soundbar Mozos THEATER, i zi",Gjirafa50,99.5,Other
"Memorie operative Kingston Fury Beast, 32GB (2x 16GB) DDR5 CL30",Gjirafa50,279.5,Other
"Maus Logitech MX Master 3S, grafit",Gjirafa50,99.5,Gaming
"Fshesë robotike Xiaomi E5, me shtupë, e bardhë",Gjirafa50,129.5,Smartphone
"Laptop Lenovo Legion 7 16IAX10, 16"", Intel Core Ultra 7 255HX, 32GB RAM, 1TB SSD, NVIDIA GeForce RTX 5060, i bardhë",Gjirafa50,1939.5,Laptop
"Laptop Lenovo Legion 7 16IAX10, 16"", Intel Core Ultra 7 255HX, 32GB RAM, 1TB SSD, NVIDIA GeForce RTX 5060, i bardhë",Gjirafa50,1939.5,Laptop
"Tastierë mekanike Gaming Tracer GAMEZONE EVO1, USB, RGB, e hirtë e errët",Gjirafa50,39.5,Other
Apple AirPods 4 (USB-C),Gjirafa50,179.5,Other
"Tavolinë elektrike SENSE7 NOJO LIGHT, 120 cm x 60 cm, kafe e errët",Gjirafa50,99.5,Other
"RX 9060 XT, AMD Ryzen 7 9800X3D, 32GB RAM, 1TB SSD, Gaming PC Gjirafa50 Black Series 26",Gjirafa50,1169.5,Computer/Component
"Karrige SENSE7 Spellcaster FUKU XL, material+lëkurë, e zezë/ hirtë",Gjirafa50,129.5,Furniture
"Apple iPad (A16), 11"", Wi-Fi, 128GB, Pink",Gjirafa50,389.5,Tablet
Kartelë grafike MSI GeForce RTX 5060 Ventus 2X OC 8GB GDDR7 PCI-Express,Gjirafa50,299.5,Computer/Component
Apple 20W USB-C Power Adapter,Gjirafa50,27.5,Other
Karrige SENSE7 Knight + Tavolinë SENSE7 Nomad Basic,Gjirafa50,169.0,Furniture
"Tavolinë SENSE7 Classic Desk, 140cm x 60cm, e zezë",Gjirafa50,99.5,Furniture
"Maus Logitech G Pro X Superlight 2, rozë",Gjirafa50,139.5,Gaming
"Dëgjuese Xiaomi Redmi Buds 6 Active, të zeza",Gjirafa50,19.5,Smartphone
"Laptop Lenovo IdeaPad 1 15ALC7, 15.6'' Full HD, AMD Ryzen 5 5500U, 8GB RAM, 256GB SSD, i hirtë",Gjirafa50,329.5,Laptop
"Televizor Grundig 65GIQ8950B, QLED, 65"", 4K Ultra HD, i zi",Gjirafa50,479.5,Other
"Apple MacBook Pro 14"", M4 Pro 12‑core, 24GB, 512GB SSD, 16‑core GPU, Silver",Gjirafa50,2349.5,Computer/Component
"Monitor Dell Alienware AW2723DF, 27"", WQHD, i zi/ bardhë",Gjirafa50,349.5,Monitor
"Laptop Lenovo LOQ 15IAX9, 15.6"", Intel Core i5-12450HX, 16GB RAM, 512GB SSD, NVIDIA GeForce RTX 4060 8GB",Gjirafa50,939.5,Laptop
"Monitor BenQ Mobiuz EX240N - LED, 24"", FullHD, i zi",Gjirafa50,109.5,Monitor
"Lexues i kartave AXAGON CRE-SM3N, USB-A, 1.3, i zi",Gjirafa50,16.5,Other
"Karrige SENSE7 Spellcaster, e zezë",Gjirafa50,129.5,Furniture
"Karrige për zyrë SENSE7 Tone, e zezë",Gjirafa50,99.5,Furniture
"[OUTLET] Televizor LG 75QNED913Q, 75"" (189cm), 4K UHD, i hirtë",Gjirafa50,1437.5,Other
"Laptop Lenovo IdeaPad Slim 3 16ABR8 16"", AMD Ryzen 7 5825U, 16GB DDR4, 512GB SSD, AMD Radeon Graphics, i kaltër",Gjirafa50,449.5,Laptop
"Apple iPhone 15, 128GB, Black",Gjirafa50,899.5,Smartphone
"Apple iPhone 17, 256GB, Lavender",Gjirafa50,1099.5,Smartphone
"Apple iPhone 15, 128GB, Pink",Gjirafa50,899.5,Smartphone
"Tablet Lenovo Tab M11, 11"", 4GB RAM, 128GB, i hirtë",Gjirafa50,189.5,Tablet
"Kasë Darkflash DY470, Mid-Tower, e zezë",Gjirafa50,81.5,Other
"Kasë DeepCool CG530 4F Midi Tower, e zezë",Gjirafa50,79.5,Other
"Tastierë mekanike Savio Tempest X2, Outemu RED, RGB, e zezë",Gjirafa50,34.5,Other
"Celular Samsung Galaxy S25 Ultra, 6.9"", 12GB/ 512GB, Titanium Silverblue",Gjirafa50,1649.5,Smartphone
"Apple iPhone 17 Pro Max Silicone Case with MagSafe, Orange",Gjirafa50,69.5,Smartphone
"Apple MacBook Pro 14"", M4 10‑core, 24GB, 1TB SSD, 10‑core GPU, Space Black",Gjirafa50,2349.5,Computer/Component
"Apple iPhone 16, 128GB, Black",Gjirafa50,999.5,Smartphone
"Mbajtëse për 2 monitorë SENSE7, 17""-32"", e zezë",Gjirafa50,39.5,Monitor
"Mbrojtëse hibride për iPhone 17 Pro Max ESR, e portokalltë",Gjirafa50,14.5,Smartphone
"[OUTLET] Maus Logitech G Pro X Superlight 2 Wireless, i bardhë",Gjirafa50,128.5,Gaming
"Karrige SENSE7 Spellcaster FUKU, material+lëkurë, rozë/ e bardhë",Gjirafa50,139.5,Furniture
"[OUTLET] Laptop Lenovo IdeaPad Gaming 3 15IHU6, 15.6"", Intel Core i5-11320H, 8GB RAM, 512GB SSD, NVIDIA GeForce GTX 1650 4GB GDDR6, i zi",Gjirafa50,539.5,Laptop
"Kufje PREYON Tornado Fly PTF40B, të zeza",Gjirafa50,49.5,Other
"Karrige SENSE7 Spellcaster FUKU XL, material, e hirtë/ zezë",Gjirafa50,139.5,Furniture
"RX 9070 XT, AMD Ryzen 7 9800X3D, 32GB RAM, 1TB SSD, Gaming PC Gjirafa50 Black Series 29",Gjirafa50,1579.5,Computer/Component
"[OUTLET] Apple Watch Series 10 GPS, 42mm, Jet Black Aluminum Case with Black Sport Band, M/L",Gjirafa50,425.5,Smartwatch
"Karrige SENSE7 Spellcaster Senshi Edition, e hirtë",Gjirafa50,139.5,Furniture
"RTX 5080, AMD Ryzen 7 9800X3D, 32GB RAM, 1TB SSD, Gaming PC Gjirafa50 Black Series 13",Gjirafa50,2299.5,Computer/Component
"Laptop Lenovo Legion 5 15AKP10, 15.1"", AMD Ryzen AI 7, 32GB RAM, 1TB SSD, NVIDIA GeForce RTX 5070, OLED 165Hz, i zi",Gjirafa50,1679.5,Laptop
Karrige SENSE7 Spellcaster + Tavolinë elektrike SENSE7 Nojo,Gjirafa50,209.0,Furniture
"[OUTLET] Celular Samsung Galaxy S25 Ultra, 6.9"", 12GB/ 512GB, Titanium Whitesilver",Gjirafa50,1413.5,Smartphone
"Monitor AOC 27G4XE, 27"", Full HD, i zi",Gjirafa50,124.5,Monitor
"Disk SSD Teamgroup, M.2, 1TB, PCIe",Gjirafa50,129.5,Computer/Component
"Karrige SENSE7 Spellcaster FUKU, material, e hirtë/ zezë",Gjirafa50,129.5,Furniture
Ftohës me ujë Thermalright Aqua Elite 360 ARGBV6,Gjirafa50,69.5,Other
"Laptop ASUS TUF Gaming F16 FX607VJ-RL009, 16"", Intel Core i5-210H, 16GB DDR4, 512GB SSD, NVIDIA GeForce RTX 3050, i hirtë",Gjirafa50,659.5,Laptop
"Laptop Lenovo LOQ 15ARP9, 15.6"", AMD Ryzen 5 7235HS, 24GB RAM, 512GB SSD, NVIDIA GeForce RTX 3050, i hirtë",Gjirafa50,699.5,Laptop
"Televizor TCL 75C6K, QLED 75'' 4K, 144Hz, Google TV 2.1CH ONKYO, i zi",Gjirafa50,1189.5,TV
"Apple MacBook Air 13.6"", M2 8-core, 16GB, 256GB, 8-core GPU, Starlight",Gjirafa50,1199.5,Other
"Kompjuter Asus Gaming ROG Strix, Intel Core i7-12700F, 32GB RAM, RTX 3060 Ti, 1TB SSD, i zi",Gjirafa50,1611.5,Computer/Component
"Kompjuter Gjirafa50, Intel Core i5-14600KF, 32GB RAM. 1TB SSD, MSI GeForce RTX 5060 8GB VENTUS 2X OC, i zi",Gjirafa50,1228.5,Computer/Component
"Celular Xiaomi 14T Pro 5G, 6.67"", 12/512GB, i zi",Gjirafa50,679.5,Smartphone
Apple iPhone 16 Pro Max Clear Case with MagSafe,Gjirafa50,69.5,Smartphone
"Karrige Huzaro Force 4.7 RGB, e zezë",Gjirafa50,149.5,Furniture
"Radio GoGEN Déčko, kaltër",Gjirafa50,79.5,Other
"Maus Logitech G Pro X Superlight (910005880), i zi",Gjirafa50,109.5,Gaming
"Monitor ZOWIE by BenQ XL2411K, 24"" LED, Full HD, i zi",Gjirafa50,341.5,Monitor
"Apple iPhone 17, 256GB, Mist Blue",Gjirafa50,1099.5,Smartphone
"Dëgjuese Xiaomi Redmi Buds 6 Play, të zeza",Gjirafa50,18.5,Smartphone
"Printer multifunksional Canon PIXMA TS3350, i zi",Gjirafa50,59.5,Other
"Mauspad SteelSeries QcK + (63003), L, i zi",Gjirafa50,29.5,Gaming
"Dëgjuese Dudao U15H, të zeza, pa kabllo",Gjirafa50,14.5,Other
"Monitor MSI MAG 271QPX QD-OLED, 26.5"", WQHD, 240Hz, i zi",Gjirafa50,639.5,Monitor
Apple AirPods Pro 2 me MagSafe Case (USB-C),Gjirafa50,299.5,Other
"Apple iPhone 17 Pro Max, 1TB, Deep Blue",Gjirafa50,2249.5,Smartphone
"Monitor GIGABYTE GS27QCA LCD, 27"", QHD (2560x1440), 180Hz, i zi",Gjirafa50,179.5,Monitor
"Monitor MSI PRO MP251L E2, 24.5"", Full HD, 100Hz, i zi",Gjirafa50,79.5,Monitor
"Kasë MSI MAG Forge M100A RGB, e zezë",Gjirafa50,49.5,Other
Apple iPhone 16 Pro Clear Case with MagSafe,Gjirafa50,69.5,Smartphone
"Mbështjellës për Apple Watch 45mm/44mm Spigen Lite Fit Pro, i zi",Gjirafa50,39.5,Smartwatch
"Monitor LG UltraWide, 34"", 3440x1440 WQHD, i lakuar, i zi",Gjirafa50,289.5,Monitor
"Set Fujifilm, fotoaparat Instax Mini 12 + 10 copë filma fotografik, vjollcë",Gjirafa50,149.5,Other
"Tavolinë lojërash Huzaro Hero 6.3, 154x117 cm, e zezë",Gjirafa50,99.5,Other
"Kompjuter HAL3000 Master Gamer Elite Ti, i7-14700F, 32GB, 2TB SSD, RTX 5070 Ti, e zezë",Gjirafa50,2399.5,Computer/Component
"[OUTLET] Kompjuter HAL3000 MCR Finale 3 Pro 3060, AMD Ryzen 5, 16GB RAM, 1TB SSD, NVIDIA GeForce RTX 3060, i zi",Gjirafa50,846.5,Computer/Component
"Laptop Lenovo LOQ 15ARP9, 15.6"", Ryzen 5 7235HS, 32GB RAM, 512GB SSD, RTX 3050",Gjirafa50,829.5,Laptop
"Apple MacBook Pro 16"", M4 Max 14‑core, 36GB, 1TB SSD, 32‑core GPU, Space Black",Gjirafa50,4049.5,Computer/Component
"RTX 5060 Ti, AMD Ryzen 7 9800X3D, 32GB RAM, 1TB SSD, Gaming PC Gjirafa50 Black Series 23",Gjirafa50,1399.5,Computer/Component
"Monitor BenQ ZOWIE XL2540K, 24.5"", Full HD, i zi",Gjirafa50,339.5,Monitor
"Laptop Lenovo Yoga Book 9 14IAH10, 14"", Intel Core Ultra 7 255H, Touchscreen 2.8K, 32 GB LPDDR5x-SDRAM, 1 TB SSD, teal",Gjirafa50,2349.5,Laptop
"[OUTLET] Laptop Lenovo Legion 5 Pro 16IAH7H, 16"", Intel Core i7, 32GB RAM, 1TB SSD, NVIDIA GeForce RTX 3070 Ti, i hirtë",Gjirafa50,1499.5,Laptop
"Karrige SENSE7 Knight, e zezë",Gjirafa50,99.5,Furniture
"Inverter Power Tree 1000W, 12V",Gjirafa50,266.5,Other
"Kompjuter Gjirafa50, Intel Core i5-14600KF, 32GB RAM, 1TB SSD, GeForce RTX 5060 Windforce OC 8GB GDDR7 DLSS4, i zi",Gjirafa50,899.5,Computer/Component
"Televizor MINI LED TCL 75C803, 75"", 4K Ultra HD, i zi",Gjirafa50,1199.5,Other
"Tablet Xiaomi Redmi Pad Pro, 12.1"", 128GB, i hirtë",Gjirafa50,209.5,Tablet
"Apple MacBook Air, 13.6"", M4 10-core, 16GB, 512GB SSD, 10-core GPU, Midnight",Gjirafa50,1479.5,Computer/Component
"Apple iPhone 17 Pro Max Silicone Case with MagSafe, Terra Cotta",Gjirafa50,69.5,Smartphone
"Karrige SENSE7 Spellcaster FUKU, material+lëkurë, e gjelbër/ bardhë",Gjirafa50,139.5,Furniture
"Monitor MSI PRO MP273A, 27"", Full HD, 100Hz, i zi",Gjirafa50,109.5,Monitor
"Furrë montuese Midea MO659TDBK, 65L, e zezë",Gjirafa50,199.0,Other
"RTX 5080, AMD Ryzen 9 9900X3D, 32GB RAM, 1TB SSD, Gaming PC Gjirafa50 Black Series 12",Gjirafa50,2399.5,Computer/Component
"Memorie Teamgroup,16GB RAM, 3200 DDR4",Gjirafa50,61.5,Computer/Component
"Tavolinë gaming Huzaro Hero 1.6, 120x60 cm, 15mm, e zezë",Gjirafa50,59.5,Other
Disk SSD MSI Spatium M470 Pro 1TB M.2 2280 PCI-E x4 Gen4 NVMe,Gjirafa50,89.5,Computer/Component
"Fotoaparat Kodak Friendly Zoom FZ45, i zi",Gjirafa50,174.5,Other
"Maus Kysona Mars SE M512, i zi",Gjirafa50,23.5,Gaming
"Kartelë grafike ASUS PRIME RTX 5070 TI OC Edition, 16GB GDDR7",Gjirafa50,749.5,Computer/Component
"Mbajtëse për laptop ZOY ZLS02, e argjendtë",Gjirafa50,9.5,Laptop
"Apple MacBook Pro, 14"", M5 10-core, 24GB, 1TB, 10-core GPU, Space Black",Gjirafa50,2299.5,Other
"Powerbank Baseus Magnetic Mini MagSafe, 6000mAh, i bardhë",Gjirafa50,24.5,Other
Tharëse për flokë Dyson Supersonic Nural,Gjirafa50,519.5,Other
"Celular Samsung Galaxy A16, 4GB/128GB, i zi",Gjirafa50,164.5,Smartphone
"Orë smart Xiaomi Redmi Watch 5 Active, e zezë",Gjirafa50,44.5,Smartphone
"Apple iPhone 17 Pro Max, 2TB, Cosmic Orange",Gjirafa50,2849.5,Smartphone
"Kontroller Sony PlayStation 5 Dualsense, Wireless, i hirtë",Gjirafa50,79.5,Gaming
"Laptop ASUS ROG Strix G16 G615LP-NEBULA016W, 16"", Intel Core Ultra 9 275HX, 32GB RAM, 1TB SSD, i hirtë",Gjirafa50,2479.5,Laptop
Memorie operative RAM GOODRAM IRDM 32GB DDR5 6000Mhz CL30,Gjirafa50,229.5,Computer/Component
"Orë Garmin Instinct 3 AMOLED, 45 mm, e zezë",Gjirafa50,563.5,Other
"Set LEGO Creator Expert: Flower Bouquet (10280), 756 elemente",Gjirafa50,59.5,Other
"Tavolinë SENSE7 Nomad Basic, 120cm x 60cm, e zezë",Gjirafa50,69.5,Other
"Beats iPhone 17 Pro Max Case with MagSafe and Camera Control, Pebble Pink",Gjirafa50,49.5,Smartphone
"Orë smart Xiaomi Redmi Watch 5 Active, e bardhë",Gjirafa50,44.5,Smartphone
"Procesor AMD Ryzen 7 7800X3D, Tray",Gjirafa50,319.5,Computer/Component
"Rrotull me kabllo zgjatëse RR PS-BT G, IP44, 4x priza, 50m, e zezë",Gjirafa50,219.5,Other
"Celular Samsung Galaxy S25 Ultra, 6.9"", 12GB/ 512GB, Titanium Black",Gjirafa50,1299.5,Smartphone
"Apple Watch Ultra 3 Cellular 49mm Black Titanium Case with Black Titanium Milanese Loop, Large",Gjirafa50,1129.5,Smartwatch
"RTX 5070 Ti, AMD Ryzen 5 7500X3D, 32GB RAM, 1TB SSD, Gaming PC Gjirafa50 Black Series 9",Gjirafa50,1629.5,Computer/Component
"Laptop Lenovo IdeaPad5 2in1 16AKP10, AMD Ryzen AI 5 340, 16GB RAM, 1TB SSD, Integrated AMD Radeon 840M Graphics, i hirtë",Gjirafa50,799.5,Laptop
"Laptop ASUS TUF Gaming F16 FX607VJ-RL009, 16"", Intel Core i5-210H, 16GB DDR4, 512GB SSD, NVIDIA GeForce RTX 3050, i hirtë",Gjirafa50,729.5,Laptop
"Bateri zëvendësuese Armac, 12V/120Ah",Gjirafa50,249.5,Other
"Mbrojtëse Spigen Liquid Crystal për Apple iPhone 14 Pro Max, transparente",Gjirafa50,14.5,Smartphone
"Apple iPhone 17 Pro Max, 512GB, Cosmic Orange",Gjirafa50,1999.5,Smartphone
"Tastierë Trust GXT834 TKL, Mechanical Callaz, e zezë",Gjirafa50,39.5,Other
"Laptop Lenovo LOQ 15ARP9, 15.6"", AMD Ryzen 5 7235HS, 32GB RAM, 1TB SSD, NVIDIA GeForce RTX 3050",Gjirafa50,949.5,Laptop
"Apple MacBook Air, 13.6"", M4 10-core, 24GB, 512GB SSD, 10-core GPU, Silver",Gjirafa50,1699.5,Computer/Component
"LEGO Disney Stitch, 730 pjesë",Gjirafa50,69.5,Other
"Apple iPad (A16), 11"", Wi-Fi, 128GB, Silver",Gjirafa50,389.5,Tablet
"Tastierë Logitech G PRO (920-009392), US, e zezë",Gjirafa50,129.5,Other
"Apple MacBook Air, 15.3"", M4 10-core, 16GB, 256GB SSD, 10-core GPU, Sky Blue",Gjirafa50,1499.5,Computer/Component
"Orë Smart Garmin Enduro 2, e zezë",Gjirafa50,829.5,Other
"RTX 5070, AMD Ryzen 9 9900X3D, 32GB RAM, 1TB SSD, Gaming PC Gjirafa50 Black Series 11",Gjirafa50,1799.5,Computer/Component
"RTX 5060 Ti, AMD Ryzen 7 7800X3D, 32GB RAM, 1TB SSD, Gaming PC Gjirafa50 Black Series 22",Gjirafa50,1279.5,Computer/Component
"Karrige gaming Huzaro FORCE 4.7, 140kg, 43-53cm, i hirtë",Gjirafa50,129.5,Furniture
"Kartelë grafike MSI Graphic Card, GeForce RTX 5060 Ti 16Gb SHADOW",Gjirafa50,449.5,Computer/Component
"Laptop MSI Katana 15 HX B14WFK-494XPL, 15.6"", Intel Core i5-14450HX, 16GB DDR5, 512GB SSD, NVIDIA GeForce RTX 5060 8GB, i zi",Gjirafa50,1079.5,Laptop
"Apple iPad (A16), 11"", Wi-Fi, 128GB, Blue",Gjirafa50,389.5,Tablet
"Syze virtuale Oculus Meta Quest 3S, 128GB",Gjirafa50,419.5,Other
"Fshesë robotike me vakum Xiaomi Robot E10 EU, e bardhë",Gjirafa50,164.5,Smartphone
"Maus Logitech G PRO X SuperLight 2, i zi",Gjirafa50,139.5,Gaming
"Karrige SENSE7 Vanguard, me pëlhurë, e zezë",Gjirafa50,159.5,Furniture
Kartelë grafike ROG-ASTRAL-RTX5090 Gaming,Gjirafa50,2749.5,Computer/Component
"Maus Razer Viper V3 Pro, i bardhë",Gjirafa50,159.5,Gaming
"Laptop ASUS TUF Gaming A15, 15.6"", AMD Ryzen 5 7535HS, 16GB RAM, 1TB SSD, NVIDIA GeForce RTX 3050 4GB GDDR6, zi",Gjirafa50,759.5,Laptop
"RTX 5070, AMD Ryzen 5 9600X, 32GB RAM, 1TB SSD, Gaming PC Gjirafa50 Black Series 19",Gjirafa50,1299.5,Computer/Component
Aspirator montues Midea MH52BI3200X-MK inox,Gjirafa50,89.0,Other
"Televizor Samsung UE50DU7172UXXH, 50"", Crystal Smart TV, 4K UHD, i zi (2024)",Gjirafa50,699.5,TV
Kartelë grafike MSI GeForce RTX 5060 8G SHADOW 2X OC NVIDIA 8 GB GDDR7,Gjirafa50,309.5,Computer/Component
"Mauspad Daytona AK135D, XL, i kaltër",Gjirafa50,6.5,Gaming
"Monitor Asus ROG Strix OLED XG27ACDNG, 26.5"", WQHD, i zi",Gjirafa50,809.5,Monitor
"Mauspad Preyon Falcon Speed XXL, i zi",Gjirafa50,19.5,Gaming
"Apple Watch Ultra2 Cellular, 49mm, Natural Titanium Case with Natural Titanium Milanese Loop, L",Gjirafa50,1129.5,Smartwatch
"[OUTLET] Kufje HyperX Cloud III (727A9AA), të zeza/ kuqe",Gjirafa50,85.5,Other
"[OUTLET] Laptop ASUS TUF Gaming F15 (2021), 15.6 "", Intel Core i5, 16GB RAM, 512GB SSD, NVIDIA GeForce RTX 3050, i zi",Gjirafa50,694.5,Laptop
"Mauspad Gembird Gembird, XL, i zi",Gjirafa50,9.5,Gaming
"Kartelë grafike Gigabyte GeForce RTX 5070 Ti WINDFORCE, 16GB RAM",Gjirafa50,829.5,Computer/Component
"Fotoaparat Canon EOS RP, i zi + RF 24-105mm F4-7.1 IS STM",Gjirafa50,1409.5,Other
"Apple Watch S10 GPS, 46mm, Jet Black Aluminum Case with Black Sport Band, M/L",Gjirafa50,529.5,Smartwatch
"Kufje Sony WH-CH720N, të zeza",Gjirafa50,119.5,Other
"Karrige për zyrë SENSE7 Tone, e hirtë/ bardhë",Gjirafa50,119.5,Furniture
"Apple Watch Series 10 GPS, 42mm, Rose Gold Aluminum Case with Light Blush Sport Band, S/M",Gjirafa50,499.5,Smartwatch
Videolojë Sony PlayStation 4 GTA V Premium Edition,Gjirafa50,24.5,Gaming
"Monitor LG 34WR50QK-B, 34"", Wide Quad HD, i zi",Gjirafa50,299.5,Monitor
"Televizor GRUNDIG 55GHU7990B, LED, 55"", 4K Ultra HD, i zi",Gjirafa50,379.5,Other
"Celular Samsung Galaxy A16, 4GB/ 128GB, i hirtë",Gjirafa50,164.5,Smartphone
"Laptop ASUS TUF Gaming A15 FA506NC-HN002W, 15.6"", AMD Ryzen 5 7535HS, 8GB DDR5, 512GB SSD, NVIDIA GeForce RTX 3050, i zi",Gjirafa50,699.5,Laptop
"Monitor Gigabyte GS25F2, 24.5"", Full HD, 200Hz, i zi",Gjirafa50,119.5,Monitor
"Monitor GIGABYTE AORUS FO32U2, 31.5"", 3840 x 2160, 240 Hz, i zi",Gjirafa50,979.5,Monitor
"Kartelë grafike Gigabyte GeForce RTX 5090 AORUS MASTER, 32GB GDDR7, 2655MHz, e zezë",Gjirafa50,2899.5,Computer/Component
"Kufje HyperX Cloud II Core Wireless, të zeza",Gjirafa50,152.5,Other
"Televizor Grundig 65GHU7990B, LED, 65"", 4K Ultra HD, i hirtë",Gjirafa50,499.5,Other
"Televizor Fuego 55ELU720GTV, LED, 55"", 4K Ultra HD, i zi",Gjirafa50,259.5,TV
Monitorues për foshnje Esperanza Jacob,Gjirafa50,59.5,Monitor
"Apple iPhone 16 Pro Silicone Case with MagSafe, Denim",Gjirafa50,69.5,Smartphone
"RTX 5070 Ti, AMD Ryzen 9 9900X3D, 32GB RAM, 1TB SSD, Gaming PC Gjirafa50 Black Series 10",Gjirafa50,2049.5,Computer/Component
"[OUTLET] Kartelë grafike GIGABYTE GeForce RTX 4060 GAMING OC 8G, 8GB GDDR6",Gjirafa50,321.5,Computer/Component
"Laptop Lenovo NB IdeaPad Slim 5 14IRH10, 14', 32GB RAM, 1TB SSD, Intel UHD Graphics, i hirtë",Gjirafa50,639.5,Laptop
"RTX 5060 Ti, AMD Ryzen 5 7500X3D, 32GB RAM, 1TB SSD, Gaming PC Gjirafa50 Black Series 21",Gjirafa50,1099.5,Computer/Component
"Laptop Microsoft Surface Go, 12.4"" Touchscreen, Intel Core i5 1035G1, 8 GB RAM, 256 GB SSD, platinum",Gjirafa50,579.5,Laptop
"Kufje JBL Tune 670 NC, të zeza",Gjirafa50,79.5,Other
"Set Fujifilm, fotoaparat Instax Mini 12 + 10 copë filma fotografik, rozë",Gjirafa50,149.5,Other
"Karrige për zyrë SENSE7 Noxo, e zezë",Gjirafa50,84.5,Furniture
"Ftohës Thermalright Assassin Spirit 120 EVO, i zi",Gjirafa50,29.5,Other
"Beats iPhone 17 Pro Case with MagSafe and Camera Control, Pebble Pink",Gjirafa50,49.5,Smartphone
"Inverter/ karikues TrippLite, 1250W",Gjirafa50,469.5,Other
"Laptop Dell Inspiron 3535, AMD Ryzen 7 7730U, 16GB RAM, 1TB SSD, 15.6"", AMD Radeon Graphics, i argjendtë",Gjirafa50,549.5,Laptop
Apple AirPods 4 (USB-C) with Active Noise Cancellation,Gjirafa50,239.5,Other
"Tavolinë elektrike SENSE7 Nojo, 120cm x 60cm, e zezë/ druri e hapur",Gjirafa50,109.5,Other
"Projektor Acer VP X1123HP DLP 3D, SVGA (800 x 600), i zi",Gjirafa50,397.5,Other
"Kufje HyperX Cloud III (727A9AA), të zeza/ kuqe",Gjirafa50,89.5,Other
"Kasë Phanteks XT View D-RGB, e zezë, Midi Tower",Gjirafa50,89.5,Other
"Laptop ASUS TUF Gaming F16 FA608UH-R7165W, 16"" FHD+, AMD Ryzen 7 2600, 16GB DDR5, 512GB SSD, NVIDIA GeForce RTX 5050, i hirtë",Gjirafa50,1139.5,Laptop
"Apple Watch SE 3 GPS 40mm Starlight Aluminium Case with Starlight Sport Band, M/L",Gjirafa50,299.5,Smartwatch
Set Bateri Bosch 18V 3x4.0Ah GBA ProCore + Karikues GAL 1880CV + Kutia L-BOXX 102,Gjirafa50,359.5,Other
"Apple Watch Ultra2 Cellular, 49mm, Black Titanium Case with Dark Green Alpine Loop, S",Gjirafa50,999.5,Smartwatch
"Kufje Skullcandy Crusher Evo, Wireless, vjollcë",Gjirafa50,214.5,Other
Zhiyun FIVERAY M40 Pocket LED Light,Gjirafa50,145.0,Other
Orë smart Amazfit Huami T-Rex 3 W2322GL1N,Gjirafa50,349.5,Other
"Laptop Lenovo NB LOQ 15AHP10, 15.6"", AMD Ryzen 7 250, 16GB RAM, 1TB SSD, NVIDIA GeForce RTX 5050 8GB GDDR7, i hirtë",Gjirafa50,1079.5,Laptop
"Set timon dhe pedale Logitech G G923 Racing për Xbox X|S, Xbox One & PC",Gjirafa50,319.5,Gaming
Kartelë grafike MSI RTX 5070 12G SHADOW 2X OC,Gjirafa50,559.5,Computer/Component
"Laptop ASUS Zenbook 14 OLED UX3405, 14"", Intel Core Ultra 7, 32GB RAM, 1TB SSD, i zi",Gjirafa50,1499.5,Laptop
Skuter elektrik Segway Max G2 D,Gjirafa50,849.5,Other
Insta360 GO 2 64GB,Gjirafa50,425.0,Other
Pllakë amë MSI A520M-A PRO Socket AM4,Gjirafa50,59.5,Other
"Orë Samsung Galaxy Watch8, 44mm, grafit",Gjirafa50,409.5,Smartphone
"Printer multifunksional HP DeskJet 2820e, Inkjet termal, i hirtë",Gjirafa50,49.5,Furniture
"Apple iPhone 17 Pro Max TechWoven Case with MagSafe, Sienna",Gjirafa50,79.5,Smartphone
"Kufje HyperX Cloud Stinger 2 Core (683L9AA), të zeza",Gjirafa50,54.5,Other
"Fritezë Xiaomi Smart Air Fryer 6.5l, e bardhë",Gjirafa50,114.5,Smartphone
"Laptop Lenovo NB IdeaPad Flex 5 14ABR8, 14"", AMD Ryzen5, 8GB RAM, 512GB SSD,AMD Radeon Graphics, i hirtë",Gjirafa50,569.5,Laptop
"[OUTLET] Kompjuter Game X G100, Intel Core i5, 16GB RAM DDR4, 512GB SSD, RTX 3060, i zi",Gjirafa50,1028.5,Computer/Component
"Orë CMF 3 Pro by Nothing, e hirtë e errët",Gjirafa50,99.5,Other
"Monitor MSI MAG 274QF X24, 27"", WQHD, 240Hz, i zi",Gjirafa50,219.5,Monitor
"Apple iPhone 16 Plus, 128GB, Pink",Gjirafa50,1299.5,Smartphone
"Laptop Lenovo LOQ 17IRX10, 17.3"", Intel Core i5-13450HX, 16GB, 512GB SSD, NVIDIA GeForce RTX 5050 8GB GDDR7, i hirtë",Gjirafa50,959.5,Laptop
Kartelë grafike XFX Swift AMD Radeon RX 9060 XT,Gjirafa50,499.5,Computer/Component
"Laptop Lenovo Legion Pro 5 16IRX9, 16"", Intel Core i7-14700HX, 32GB RAM, 1TB SSD, NVIDIA GeForce RTX 4060",Gjirafa50,1599.5,Laptop
"Celular Google Pixel 10 Pro XL, 6.8"", 16/256GB, bezhë",Gjirafa50,1399.5,Smartphone
Burim energjie Thermalright KG-850. 850W,Gjirafa50,79.5,Other
"Televizor TCL 98C803, 98"", Mini LED, 4K UHD, i zi",Gjirafa50,2799.5,Other
Apple AirTag (1 Pack),Gjirafa50,44.5,Other
"Apple iPhone 17, 256GB, Sage",Gjirafa50,1099.5,Smartphone
SmallRig Mini V Mount Battery Plate with Belt Clip,Gjirafa50,45.0,Other
"Celular Samsung Galaxy S25, 6.2"", 12GB/ 256GB, Navy",Gjirafa50,1029.5,Smartphone
Set me vegla pune për telefon IFIXIT Pro Tech Repair (EU145307-4),Gjirafa50,89.5,Other
"Laptop Lenovo Legion Pro 5 16IRX9, 16"", Intel Core i7-14700HX, 32GB RAM, 1TB SSD, NVIDIA GeForce RTX 4060",Gjirafa50,2079.5,Laptop
"Fotoaparat Fujifilm Instax MINI 12, i kaltër",Gjirafa50,109.5,Other
"Laptop Lenovo LOQ 15ARP9, 15.6"", AMD Ryzen 5 7235HS, 16GB RAM, 1TB SSD, NVIDIA GeForce RTX 3050, Windows 11 Home",Gjirafa50,829.5,Laptop
"RTX 5070, Intel Core i9-14900KF, 32GB RAM, 1TB SSD, Gaming PC Gjirafa50 Black Series 36",Gjirafa50,1629.5,Computer/Component
"Monitor Samsung Odyssey G51C - LED, 27"", QHD, i zi",Gjirafa50,199.5,Monitor
Fshesë robotike Xiaomi Robot Vacuum X10 EU,Gjirafa50,398.5,Smartphone
"Apple MacBook Air, 15.3"", M4 10-core, 16GB, 256GB SSD, 10-core GPU, Starlight",Gjirafa50,1499.5,Computer/Component
"Maus Razer DeathAdder Essential, i zi",Gjirafa50,27.5,Gaming
"[OUTLET] Skuter elektrik Vivax MS ENERGY e-romobil e10, i zi",Gjirafa50,618.5,Other
"Celular Samsung Galaxy S25 FE, 6.7"", 8/128GB, i kaltër",Gjirafa50,779.5,Smartphone
"Mbrojtëse celulari Spigen Ultra Hybrid Magsafe për iPhone 17 Pro Max, transparente/bardhë",Gjirafa50,24.5,Smartphone
"Apple MacBook Air, 15.3"", M4 10-core, 16GB, 256GB SSD, 10-core GPU, Silver",Gjirafa50,1499.5,Computer/Component
"Tavolinë SENSE7 Nomad Cybernetic, 100cm x 50cm, e zezë",Gjirafa50,79.5,Other
"Kufje me mikrofon Razer Blackshark, V2 X",Gjirafa50,59.5,Other
"Tastierë SteelSeries Apex 3 TKL, US, e zezë",Gjirafa50,59.5,Other
"Orë Samsung Galaxy Watch8 Classic, 46mm, e zezë",Gjirafa50,529.5,Smartphone
"Gramafon Sony PS-LX310BT, i zi",Gjirafa50,294.5,Computer/Component
"Monitor LG UltraGear OLED 34GS95QE-B, 34"", UWQHD, 240Hz, i zi",Gjirafa50,749.5,Monitor
"Kasë Darkflash DK431 Glass, Midi Tower",Gjirafa50,53.5,Other
"Apple iPhone 17 Pro, 1TB, Silver",Gjirafa50,2099.5,Smartphone
"Laptop ASUS ROG Strix G18 (G814PM‑ES96), 18"", Intel Core 9 275HX, 32 GB DDR5, 1 TB SSD, NVIDIA RTX 5060, Windows 11 Home,i hirtë",Gjirafa50,2149.5,Laptop
"Laptop Lenovo LOQ 15IRX10, 15.6"", Intel Core i7-13650HX, 32GB DDR5 4800, 1TB SSD, NVIDIA GeForce RTX 5070 8GB, i hirtë",Gjirafa50,1579.5,Laptop
"Beats iPhone 17 Pro Kickstand Case with MagSafe and Camera Control, Pebble Pink",Gjirafa50,59.5,Smartphone
"Apple MacBook Pro 14"", M4 Pro 12‑core, 24GB, 512GB SSD, 16‑core GPU, Space Black",Gjirafa50,2349.5,Computer/Component
Konzolë Valve Steam Deck OLED 512 GB,Gjirafa50,929.5,Other
Procesor AMD Ryzen 5 7500X3D Tray,Gjirafa50,255.5,Computer/Component
"Televizor Philips 65PUS7609/12, 65"", 4K Ultra HD, i hirtë",Gjirafa50,699.5,Other
"Orë Samsung Galaxy Watch Ultra, 47mm, e argjendtë titanium",Gjirafa50,699.5,Smartphone
"Monitor Philips Evnia 34M2C3500L/00, 34"", UWQHD, i zi",Gjirafa50,259.5,Monitor
"Tablet Samsung Galaxy Tab A9+ LTE X216, 6/128, i hirtë",Gjirafa50,239.5,Tablet
"Monitor Asus TUF Gaming VG246H1A, 23.8"", FullHD, i zi",Gjirafa50,119.5,Monitor
"Regjistrues video Vantrue E1 LITE, 1080p, 160°, Wi-Fi, e zezë",Gjirafa50,134.5,Other
"Mbështetëse për këmbë Mozos Office FS6, e zezë",Gjirafa50,29.5,Other
"Televizor TCL 65C61B, 65"", QLED, 4K UHD, i zi",Gjirafa50,795.5,Other
"Laptop Lenovo LOQ 15AHP10, 15.6"", AMD Ryzen 7 250, 16GB, 512GB SSD, NVIDIA GeForce RTX 5050 8GB GDDR7, i hirtë",Gjirafa50,959.5,Laptop
"[OUTLET] Laptop Lenovo Yoga Book 9 13IRU8, 13.3"", Intel Core i7, 16GB RAM, 1TB SSD, Intel Iris Xe Graphics, i kaltër",Gjirafa50,1985.5,Laptop
Apple Watch Ultra 3 Cellular 49mm Black Titanium Case with Black Ocean Band,Gjirafa50,999.5,Smartwatch
"[OUTLET] Kompjuter LYNX Challenger (2021), AMD Ryzen 7, 16GB RAM, 1TB SSD, MSI NVIDIA GeForce RTX 3060 Ti VENTUS 3X 8G OC LHR, i zi",Gjirafa50,1315.5,Computer/Component
"Tastierë Logitech PRO X TKL Lightspeed GX Brown (920-012148), e bardhë",Gjirafa50,179.5,Other
Kamerë për veturë Navitel R99 4K GPS,Gjirafa50,164.5,Smart Home/Camera
"Maus Logitech G305 LIGHTSPEED, Gaming, RF Wireless, i zi",Gjirafa50,49.5,Gaming
"Çantë shpine për laptop Natec Merino 15.6"" e zezë",Gjirafa50,34.5,Laptop
"Kamerë GoPro HERO, e zezë",Gjirafa50,274.5,Smart Home/Camera
"Monitor Dell Alienware AW3225QF OLED 210-BLLV, 3840 x 2160 (UHD 4K), DisplayPort x1, HDMI x2, USB-C x1, USB Type-B x1, i bardhë/zi",Gjirafa50,999.5,Monitor
"Kufje HyperX Cloud Alpha Wireless Headphones (4P5D4AA), të zeza",Gjirafa50,199.5,Audio
"Laptop Lenovo IdeaPad Flex5 14ABR8, 14"", AMD Ryzen7,16GB RAM, 512GB SSD, AMD Radeon Graphics, hirtë",Gjirafa50,679.5,Laptop
"Monitor MSI MAG 274CXF, 27"", Full HD, 280Hz, i zi",Gjirafa50,189.5,Monitor
"RTX 5090, AMD Ryzen 9 9950X3D, 32GB RAM, 1TB SSD, Gaming PC Gjirafa50 Black Series 16",Gjirafa50,4499.5,Computer/Component
"Burim energjie MSI MAG A650BN 80PLUS, 650W",Gjirafa50,75.5,Other
Apple iPhone 17 Pro Clear Case with MagSafe,Gjirafa50,69.5,Smartphone
"Celular Samsung Galaxy A56 5G, 8/128GB, i gjelbër",Gjirafa50,499.5,Smartphone
"Mbajtëse për TV Maclean MC-760, 32-55"", 30kg, VESA 400x400, e zezë",Gjirafa50,29.5,TV
"Fotoaparat Fujifilm Instax MINI 12, vjollcë",Gjirafa50,129.5,Other
"Laptop Lenovo Legion 7 16IAX10, 16"", Intel Core Ultra 9 275HX, 32GB RAM, 2TB SSD, NVIDIA GeForce RTX 5070 8GB GDDR7, i bardhë",Gjirafa50,2399.5,Laptop
"Televizor Philips 75PUS7609/12, 75"", 4K UHD, i zi",Gjirafa50,999.5,Other
"Maus Razer Viper V3 Pro, i zi",Gjirafa50,169.5,Gaming
"Kufje Sony WH-1000XM6, USB-C, të kaltërta",Gjirafa50,509.5,Other
"Bateri Fuli, 12V / 200AH",Gjirafa50,387.5,Other
"[OUTLET] Kartë grafike Gigabyte GeForce RTX 3060Ti Gaming OC Pro, 8GB GDDR6, LHR (GV-N306TGAMINGOC PRO-8GD 3.0)",Gjirafa50,594.5,Computer/Component
"RTX 5090, AMD Ryzen 7 9800X3D, 32GB RAM, 1TB SSD, Gaming PC Gjirafa50 Black Series 14",Gjirafa50,4199.5,Computer/Component
"Laptop Lenovo LOQ 15IRX10, 15.6"", Intel Core i5-13450HX, 16GB RAM, 512GB SSD, NVIDIA GeForce RTX 5050 8GB GDDR7, i hirtë",Gjirafa50,949.5,Laptop
"RX 9070 XT, AMD Ryzen 7 7800X3D, 32GB RAM, 1TB SSD, Gaming PC Gjirafa50 Black Series 28",Gjirafa50,1419.5,Computer/Component
"[OUTLET] Laptop ASUS TUF Gaming F17 (2022), 17.3"", Intel Core i7, 16GB RAM, 1TB SSD, NVIDIA GeForce RTX 3050, i hirtë",Gjirafa50,869.5,Laptop
"Mbajtëse monitori Gembird MA-DA1-05, 32"", e hirtë",Gjirafa50,29.5,Monitor
"Apple MacBook Air, 15.3"", M4 10-core, 16GB, 512GB SSD, 10-core GPU, Starlight",Gjirafa50,1749.5,Computer/Component
"Burim energjie Deepcool Bronze PK750D, 750W",Gjirafa50,69.5,Other
"Fshesë robotike me vakum Xiaomi Robot E10 EU, e bardhë",Gjirafa50,174.5,Smartphone
"Tavolinë lojërash Huzaro Hero 4.7, 160x75 cm, e zezë",Gjirafa50,168.5,Other
Mauspad SteelSeries QcK Heavy (63008),Gjirafa50,47.5,Gaming
"Kasë HP PC Desktop Pro Tower 290, i5-14400,16GB (1x16GB) DDR5-4800 MT/s,512GB PCIe NVMe M.2 SSD,Intel UHD Graphics, i zi",Gjirafa50,732.5,Computer/Component
DJI Neo Fly More Combo,Gjirafa50,390.0,Other
"Kartelë grafike GIGABYTE GeForce RTX 5070 WINDFORCE OC SFF 12G, 12GB GDDR7",Gjirafa50,549.5,Computer/Component
"Apple Watch SE 3 GPS 44mm Midnight Aluminium Case with Midnight Sport Band, M/L",Gjirafa50,339.5,Smartwatch
"Projektor Samsung The Freestyle Gen.2 HDR, i bardhë",Gjirafa50,589.5,Other
"Apple Watch Ultra2 Cellular, 49mm, Black Titanium Case with Black Trail Loop, S/M",Gjirafa50,999.5,Smartwatch
"Orë Samsung Galaxy Watch Ultra (2025), 47mm, e kaltër",Gjirafa50,699.5,Smartphone
"Televizor Lg 55UR78003LK, 55"", LED, 4K UHD, Smart, webOS",Gjirafa50,399.0,Other
"Tastierë Preyon Brown Blitz Claw Gateron Brown {PBRBC87B), e zezë",Gjirafa50,49.5,Other
"Tastierë mekanike Gaming Tracer FINA 84, USB, RGB, e bardhë",Gjirafa50,49.5,Other
"Kamerë TP-Link Tapo C410 KIT, me energji solare, 2K 3MP",Gjirafa50,79.5,Smart Home/Camera
"Apple MacBook Air, 13.6"", M4 10-core, 16GB, 512GB SSD, 10-core GPU, Sky Blue",Gjirafa50,1479.5,Computer/Component
"[OUTLET] Rrip metalik zëvëndësues për Fitbit Alta, S/M",Gjirafa50,99.5,Other
DJI Mini 4 Pro With (RC 2) (GL),Gjirafa50,1050.0,Other
Set Altoparlantësh Genius SW-HF5.1 4500 V2,Gjirafa50,209.5,Other
"Konzolë Microsoft Xbox Series X 16GB RAM, 1TB SSD, i zi",Gjirafa50,859.5,Computer/Component
"Tavolinë elektrike SENSE7 NOJO LIGHT, 140 x 70 cm, kafe e hapur",Gjirafa50,147.5,Other
"Tastierë Trust GXT 835 Azor Il, i zi",Gjirafa50,19.5,Other
"USB Kingston Exodia Data Traveler, 64GB",Gjirafa50,6.5,Other
"Mauspad Logitech Gaming G240, i zi",Gjirafa50,14.5,Gaming
"Apple MacBook Air, 15.3"", M4 10-core, 24GB, 512GB SSD, 10-core GPU, Silver",Gjirafa50,1999.5,Computer/Component
"Pajisje multimediale Xiaomi TV Box S, gjenerata 2",Gjirafa50,84.5,Smartphone
"Lexues Kindle Paperwhite 12th gen, 7"", 16 GB, Wi-Fi, i zi",Gjirafa50,209.5,Other
UPS Armac Office 650E,Gjirafa50,69.5,Other
"Mbështjellëse Samsung Galaxy S23 FE Spigen Ultra Hybrid, transparente",Gjirafa50,19.5,Smartphone
"Dëgjuese JBL Vibe Beam TWS, të bardha",Gjirafa50,79.5,Other
"Orë smart CMF by Nothing Pro 2, e kaltër",Gjirafa50,69.5,Other
"Laptop MSI Cyborg 15 B2RWFKG-038XPL, 15.6"", Intel Core 7 240H, 16GB DDR5, 512GB SSD, NVIDIA GeForce RTX 5060, i zi",Gjirafa50,1049.5,Laptop
"Tavolinë SENSE7 Nomad Classic, 120cm × 60cm, e zezë",Gjirafa50,79.5,Other
"Apple Watch Series 11 GPS 42mm Space Grey Aluminium Case with Black Sport Band, S/M",Gjirafa50,499.5,Smartwatch
"Karrige për zyrë SENSE7 JUNO, e zezë",Gjirafa50,59.5,Furniture
"Karrige SENSE7 Veno, e bardhë",Gjirafa50,89.5,Furniture
"Laptop MSI Cyborg 15, 15.6"", FHD, Intel Core i5-13420H, 16GB RAM, 1TB SSD, NVIDIA GeForce RTX 3050, i zi",Gjirafa50,799.5,Laptop
"Apple Watch Ultra2 Cellular, 49mm, Natural Titanium Case with Navy Ocean Band",Gjirafa50,999.5,Smartwatch
"Karrige SENSE7 Spellcaster Senshi Edition XL, e zezë",Gjirafa50,139.5,Furniture
"Mbrojtëse për celular Samsung Galaxy S24 Ultra Spigen Liquid Air, vjollcë e errët",Gjirafa50,16.5,Smartphone
"Printer HP Ploter DesignJet T830 24""",Gjirafa50,3799.5,Other
"Celular Samsung Galaxy A56 5G, 8/128GB, i hirtë",Gjirafa50,499.5,Smartphone
"Apple MacBook Air, 13.6"", M4 10-core, 16GB, 512GB SSD, 10-core GPU, Starlight",Gjirafa50,1479.5,Computer/Component
"Fshesë robotike Xiaomi E5, me shtupë, e bardhë",Gjirafa50,119.5,Smartphone
"Laptop DELL NB Vostro 3530, 15.6"", Intel Core i7-1355U, 8GB RAM, 512GB SSD, i zi karbon",Gjirafa50,579.5,Laptop
"USB Kingston Data Traveler Exodia, 128GB, e zezë",Gjirafa50,9.5,Other
"Apple iPhone 17, 512GB, Lavender",Gjirafa50,1399.5,Smartphone
"Kartelë grafike Zotac GAMING GeForce RTX 5060 Ti Twin Edge NVIDIA, 8 GB GDDR7",Gjirafa50,409.5,Computer/Component
"Memorie GoodRam IRDM PRO Deep Black, DDR4, 32 GB, 3600 MHz, CL18, IRP-K3600D4V64L18/32GDC",Gjirafa50,169.5,Computer/Component
"Kabllo zgjatëse Volteo H05VV-F, 2x1mm, 10m",Gjirafa50,16.5,Other
"Kontroller Sony DualSense Edge, wireless, i bardhë",Gjirafa50,219.5,Other
"Celular myPhone HAMMER Rock, i zi",Gjirafa50,64.5,Smartphone
Set timon dhe pedale Logitech Handlebar G29,Gjirafa50,339.5,Other
"Pllakë montuese Midea vc 605, 60 cm",Gjirafa50,179.0,Other
Pllakë amë ASUS Prime B760M-K D4-Intel B760,Gjirafa50,89.5,Other
"Dëgjuese HyperX Cloud II, të zeza",Gjirafa50,39.5,Other
Apple AirPods (3rd generation) with Magsafe Charging Case,Gjirafa50,249.5,Other
"Tavolinë SENSE7 Nomad Cybernetic, 140cm x 60cm, e zezë",Gjirafa50,99.5,Other
"Apple iPhone 16e, 128GB, Black",Gjirafa50,799.5,Smartphone
"Mbrojtëse për tablet iPad Air 10.9"" Spigen Ultra Hybrid Pro, rozë e artë",Gjirafa50,49.5,Tablet
Karikues Samsung EP-T4511XBEGEU 1x USB-C 3 A,Gjirafa50,39.5,Other
"Mikrofon Preyon Stork Scream, i zi",Gjirafa50,49.5,Other
"[OUTLET] Kartë grafike ZOTAC GAMING GeForce RTX 3090 Ti AMP Extreme Holo, 24GB GDDR6X",Gjirafa50,1464.5,Computer/Component
"Laptop Lenovo LOQ 15IAX9E, 15.6"", Intel Core i5-12450HX, 16GB RAM, 512GB SSD, NVIDIA GeForce RTX 4050, i hirtë",Gjirafa50,749.5,Laptop
"Procesor AMD Ryzen 9 9950X3D, BOX",Gjirafa50,729.5,Computer/Component
"Apple MacBook Pro 14"", M4 10‑core, 16GB, 1TB SSD, 10‑core GPU, Silver",Gjirafa50,2099.5,Computer/Component
"Kompjuter Asus Gaming ROG Strix, 16GB (2x8GB) DDR5, 512GB SSD + 1TB HDD, Core i7-13700F, RTX 3080, i zi",Gjirafa50,1932.5,Computer/Component
"Karrige SENSE7 Sentinel, me lëkurë artificiale, e zezë",Gjirafa50,209.5,Furniture
"Peshore Vorel T15301, 32kg max",Gjirafa50,8.5,Other
"Apple iPhone Air, 256GB, Sky Blue",Gjirafa50,1399.5,Smartphone
"Celular Samsung Galaxy A16 LTE, 6.7"", 4GB/128GB, i gjelbër i hapur",Gjirafa50,189.5,Smartphone
"Timon Logitech G923 PS5/PS4/PC (941-000149) + Ndërrues i shpejtësive G29, G920 Driving Force",Gjirafa50,449.5,Other
Kartelë grafike Asus GeForce RTX 5080 Prime OC 16GB GDDR7 PCI-Express,Gjirafa50,1199.5,Computer/Component
Zgjerues rrjeti TP-Link TL-WA850RE,Gjirafa50,19.5,Other
"Apple MacBook Pro, 14"", M5 10-core, 16GB, 512GB, 10-core GPU, Silver",Gjirafa50,1799.5,Other
"Tavolinë lojërash Huzaro Hero 7.0, 15 mm, e bardhë",Gjirafa50,119.5,Other
"Kasë kompjuteri Darkflash DK352 Plus, e zezë",Gjirafa50,41.5,Other
"Konzolë Nintendo Switch OLED, e bardhë",Gjirafa50,399.5,Gaming
"Tavolinë gaming Huzaro Hero 1.6, 120x60 cm, e bardhë",Gjirafa50,59.5,Other
"Mbështjellëse për Samsung Galaxy S24 Ultra Spigen Liquid Air, e zezë",Gjirafa50,16.5,Smartphone
"Televizor Samsung UE32T4302A, 32"" (80cm), HD, i zi",Gjirafa50,259.5,Other
Përshtatës bluetooth Esperanza EA160 Adapter Esperanza bt v.5.0,Gjirafa50,3.5,Other
"Kamerë Canon EOS R50, e bardhë + RF-S 18-45 IS STM",Gjirafa50,1029.5,Smart Home/Camera
"Karrige SENSE7 Spellcaster Senshi, me pëlhurë, e zezë",Gjirafa50,139.5,Furniture
"Laptop Lenovo NB IdeaPad 1 15AMN7, 15.6"", AMD Ryzen 3 7320U, 8GB RAM, 256GB SSD, AMD Radeon 610M Graphics, i hirtë",Gjirafa50,299.5,Laptop
Apple AirPods 4 (USB-C) with Active Noise Cancellation,Foleja,209.0,Other
"Smartwatch Samsung Galaxy Watch 7 40mm Bluetooth SM-L300, Gjelbër",Foleja,199.0,Smartphone
"Tablet Lenovo Tab M11, MediaTek Helio G88, 8+128GB, Slate",Foleja,189.0,Tablet
"Smartwatch Samsung Galaxy 6 Classic, 47mm, LTE, argjend",Foleja,222.0,Smartphone
"Kufje Apple AirPods Max MWW73ZM/A, Portokalli",Foleja,639.0,Other
"Apple AirTag, 1 copë",Foleja,49.0,Other
Apple AirPods 4 (USB-C),Foleja,159.0,Other
"Apple AirTag, 1 copë",Foleja,45.0,Other
"Apple AirTag, 1 copë",Foleja,45.0,Other
"Kamera aksion GoPro HERO13 BLACK, 27.6 MP, 5.3K Ultra HD, E zezë",Foleja,379.0,Smart Home/Camera
Tablet Lenovo Tab M11 4G LTE 128 GB Gri,Foleja,199.0,Tablet
"Apple AirTag, 4 copë",Foleja,129.0,Other
Apple AirPods 4 (USB-C) with Active Noise Cancellation,Foleja,209.0,Other
"Dëgjuese Apple Airpods (3rd gen), të bardha",Foleja,149.0,Other
"Robot fshesë Xiaomi Mi Robot Vacuum E5, 2600 mAh, i zi",Foleja,117.0,Smartphone
"Konzolë Sony PlayStation 5 Slim Edition, 1TB ( disc edition)",Foleja,699.0,Gaming
"Kufje HyperX Cloud III, të zeza/ kuqe",Foleja,75.0,Other
"Apple AirTag,1 copë",Foleja,45.0,Other
Celular Xiaomi POCO X7 Pro 12/512GB i zi,Foleja,479.0,Smartphone
"Robot fshesë Xiaomi S20+, i zi",Foleja,329.0,Smartphone
"Celular Xiaomi Redmi A5, 6.88"", 3+64GB, ari",Foleja,119.0,Smartphone
"Kufje Apple AirPods, gjenerata e 3të, me kasë ngarkimi Lightning",Foleja,164.0,Other
"Celular Xiaomi Redmi Note 14, 6.67"", 6+128GB, i zi",Foleja,169.0,Smartphone
"Celular Xiaomi Redmi Note 14, 6.67"" 8+256GB, DS, i zi",Foleja,199.0,Smartphone
"Smartwatch Samsung Galaxy Watch7, 1.3"", AMOLED, Wi-Fi, GPS, Green",Foleja,205.0,Smartphone
"Celular Xiaomi Redmi Note 14 Pro, 6.67"", 8+256GB, i zi",Foleja,269.0,Smartphone
"Smartwatch Samsung Galaxy Watch6 Classic 47mm, 425mAh, gri",Foleja,312.0,Smartphone
"Celular Xiaomi Redmi Note 14 Pro+, 6.67"", 8+256GB, 5G, i zi",Foleja,379.0,Smartphone
"Tablet Samsung Galaxy Tab S8+ SM-X800N, 128 GB, 8 GB, Grafit",Foleja,589.0,Tablet
"Robot fshesë Xiaomi D102GL X20 Pro, 5200mAh, 2.5L, 4L, i bardhë",Foleja,598.0,Smartphone
"Robot Fshesë Kärcher RCF 3, 1.15 L, i Zi",Foleja,599.0,Other
Tablet Lenovo Tab M11 8+128GB 4G LTE Luna Grey,Foleja,185.0,Tablet
"Celular Xiaomi Redmi Note 14, 6.67"", 8+256GB, 5G, i zi",Foleja,269.0,Smartphone
"Tablet Apple iPad, 64 GB, 10.2"", Gri",Foleja,369.0,Tablet
"Smartwatch Apple Watch Ultra 2, GPS + Cellular, 49mm, 64 GB, Titanium",Foleja,1199.0,Smartwatch
"Mbajtëse montimi TP-Link Omada VMB-350 për kamera rrjeti, metalike",Foleja,30.0,Smart Home/Camera
"Kamerë sigurie TP-Link Tapo, IP, e brendshme, Wi-Fi, e bardhë",Foleja,45.0,Smart Home/Camera
"Mbajtes per Airtag Belkin MSC002BTBL, 2 cope",Foleja,45.0,Other
"Mbajtës Belkin për AirTag, 2er-Pack, zi & bardhë",Foleja,45.0,Other
"Mbështjellës Belkin MSC002BTBK, Apple Airtag, 2 copë, Ngjyrë e zezë",Foleja,45.0,Other
"Kamerë sigurie IP TP-Link Tapo C230, 3K 5MP, Wireless, për brenda, E bardhë",Foleja,59.0,Smart Home/Camera
"Kamerë sigurie Reolink E Series E330, 5MP, e bardhë",Foleja,59.0,Smart Home/Camera
"Ekran digital NEC MultiSync M751, 75"", 4K Ultra HD",Foleja,59.0,Other
"Mbështjellës TP-Link VJB-300, Alumini, 125 mm, Bardhë",Foleja,59.0,Other
"Panel diellor TP-Link Tapo, 4.5 W, 5.2 V, IP65, Micro-USB",Foleja,59.0,Smart Home/Camera
"Kamerë sigurie IP Reolink E330, 5MP, WiFi, detektim të qarit, e bardhë",Foleja,65.0,Smart Home/Camera
"Kamerë sigurie TP-Link Tapo, IP, Outdoor, Wired & Wireless, Alexa & Google, CE",Foleja,69.0,Smart Home/Camera
"Panel diellor Reolink Solar Panel 2, 6 W, 6 V, USB Type-C, 4 m",Foleja,79.0,Smart Home/Camera
"Kamerë sigurie dome TP-Link VIGI 4MP, IP, për brenda/jashtë, me kabllo, e zezë/bardhë",Foleja,79.0,Smart Home/Camera
"Kamerë sigurie TP-Link VIGI C340I 2.8MM, IP, Outdoor, Wired, Bullet, e zezë, e bardhë",Foleja,79.0,Smart Home/Camera
"Kamerë sigurie TP-Link VIGI 4MP Full-Color dome, IP, me mikrofon, bardhë/zezë",Foleja,83.0,Smart Home/Camera
"Kamerë sigurie Reolink Lumus Series E430, 4MP, Wi-Fi 2.4/5 GHz, natë me ngjyra, IP65",Foleja,83.0,Smart Home/Camera
"Kamerë sigurie Reolink W320, 5MP, Wi-Fi 2.4/5 GHz, e bardhë",Foleja,85.0,Smart Home/Camera
"Kamerë sigurie Reolink W320-B, 5MP, Wi-Fi 2.4/5 GHz, e zezë",Foleja,85.0,Smart Home/Camera
"Kamerë sigurie Reolink Argus Series B320, 3MP, pa kabllo, IP65, bardhë",Foleja,85.0,Smart Home/Camera
"Kufje HyperX Cloud Stinger 2 PlayStation, të bardha",Foleja,85.0,Gaming
"Celular Xiaomi Redmi A5 4+128GB 6.88"" Blu",Foleja,87.0,Smartphone
"Celular Xiaomi Redmi A5, 6.88"", 4+128GB, i zi",Foleja,87.0,Smartphone
"Kamerë sigurie dome TP-Link VIGI 5MP Full-Color, IP, për brenda/jashtë, me mikrofon, bardhë",Foleja,87.5,Smart Home/Camera
"Gamepad Nintendo Joy-Con, Bluetooth, për Nintendo Switch, Portokalli/Vjollcë",Foleja,89.0,Gaming
"Kamerë sigurie Reolink Argus Series B320-B, 3MP, wireless, me detektim personi/automjeti, e zezë",Foleja,89.0,Smart Home/Camera
"Kamerë sigurie IP TP-Link VIGI C440I 4MP, 4mm, tavan, e bardhë",Foleja,89.0,Smart Home/Camera
"Kamerë sigurie TP-Link VIGI C440I, IP, e brendshme, e bardhë",Foleja,89.0,Smart Home/Camera
"Kamerë sigurie TP-Link VIGI C340I 4MM, IP, e jashtme, e zezë, e bardhë",Foleja,89.0,Smart Home/Camera
"Kamerë monitorimi TP-Link VIGI C240, 2K, e bardhë",Foleja,89.0,Smart Home/Camera
"Shpuese Bosch GBM 13-2 RE, Key, 1750 RPM, 750 W, e zezë, blu, gri",Foleja,91.5,Other
"Kamerë sigurie TP-Link Tapo C410 Kit, IP, Wireless, e bardhë",Foleja,95.5,Smart Home/Camera
"Celular Xiaomi Redmi A3, 3GB/64GB, 6.71"", Android 14, i zi",Foleja,97.5,Smartphone
"Kamerë sigurie Reolink E340, 8MP, wireless, e bardhë",Foleja,99.0,Smart Home/Camera
"Kamerë rrjeti TP-Link VIGI 4MP, Wi-Fi, Turret, e bardhë",Foleja,99.0,Smart Home/Camera
"Kamerë rrjeti TP-Link VIGI 4MP, Dome, IP, e zezë, e bardhë",Foleja,99.0,Smart Home/Camera
"Kamerë e mençur PTZ Reolink E-Series E340, WiFi, për brenda, Full HD, e bardhë",Foleja,109.0,Smart Home/Camera
"Celular Xiaomi Redmi A5, 6.88"", 4+128GB, ari",Foleja,109.0,Smartphone
"Celular Xiaomi Redmi A5, 6.88"", 3+64GB, ari",Foleja,109.0,Smartphone
"Kamerë sigurie Reolink P330, 4K 8MP UHD, 256GB, e bardhë",Foleja,109.0,Smart Home/Camera
"Kamera sigurie Reolink Argus Series B340, me WiFi, për jashtë, e bardhë",Foleja,109.0,Smart Home/Camera
"Kamerë monitorimi Reolink P330, 8MP, e bardhë",Foleja,109.0,Smart Home/Camera
"Kamerë sigurie Reolink P330, 4K 8MP, 256GB, PoE, e bardhë",Foleja,109.0,Smart Home/Camera
"Kamerë sigurie Reolink P334, 4K Ultra HD, PoE, 256GB, e bardhë",Foleja,109.0,Smart Home/Camera
"Monitor Benq GW2491, 23.8"", IPS, FHD, 100Hz, i zi",Foleja,119.0,Monitor
"Kamerë monitorimi Reolink W330 RLC-810WA, Wi-Fi 6, rezolucion 3840 x 2160, e bardhë",Foleja,119.0,Smart Home/Camera
"Kamerë monitorimi Reolink P334 RLC-820A, 8MP, PoE, e bardhë",Foleja,119.0,Smart Home/Camera
"Kamerë sigurie Reolink W330, Bullet, IP, 3840 x 2160 piksel, e bardhë",Foleja,119.0,Smart Home/Camera
"Kamera e sigurisë Reolink ColorX Series P320X, PoE, e bardhë",Foleja,120.0,Smart Home/Camera
"Tablet Lenovo Tab 10, 10.1"", MediaTek Helio G85, 4/128 GB, WiFi, Gri",Foleja,122.0,Tablet
"Celular Xiaomi Redmi 15C, 6.9"", 4 GB RAM, 128 GB, 6000 mAh, i zi",Foleja,126.0,Smartphone
"Tablet Lenovo Mediatek 128 GB 10.1"" 4 GB Wi-Fi 5 Android 14 Gri",Foleja,128.0,Tablet
"Kamera Sigurie Reolink Argus Seria B430, e bardhë",Foleja,129.0,Smart Home/Camera
"Kamerë monitorimi Reolink E Series E540, Wi-Fi, Ethernet, e zezë",Foleja,129.0,Smart Home/Camera
"Kamerë IP Reolink P344, 12MP, PoE, Dome, Bardhë",Foleja,129.0,Smart Home/Camera
"Kamerë monitorimi Reolink ARGUS Series B430, 5MP, WiFi, e zezë",Foleja,129.0,Smart Home/Camera
"Kamerë sigurie Reolink W330, 4K, Wi-Fi 6, natë me ngjyra, bardhë",Foleja,129.0,Smart Home/Camera
"Kamerë monitorimi Reolink Color Series W320X, e bardhë",Foleja,129.0,Smart Home/Camera
"Kamerë Wi-Fi Reolink Argus Series B430, 5MP, Pan & Tilt, Detektim Personi/Mjeti/Kafshe, Vizion Nata me Ngjyra",Foleja,129.0,Smart Home/Camera
"Kamerë sigurie Reolink Argus B440, 4K, wireless, pan & tilt, detektim person/automjet/kafshë, bardhë",Foleja,133.0,Smart Home/Camera
"Kamerë monitorimi Reolink P437, 8MP, PoE, e bardhë",Foleja,137.0,Smart Home/Camera
"Kamerë rrjeti TP-Link VIGI 4MP, Pan Tilt, e zezë, e bardhë",Foleja,138.0,Smart Home/Camera
"Robot pastrues XIAOMI E5 me mop, i zi",Foleja,139.0,Smartphone
"Kamerë sigurie Reolink P434, 4K, PoE, zmadhim optik 3X, detektim personi/automjeti/kafshe, vizion nate me ngjyra, e bardhë",Foleja,139.0,Smart Home/Camera
"Tablet Lenovo Tab Mediatek 128 GB 10.1"" 4 GB Android 14, Blu",Foleja,139.0,Tablet
"Kamerë Reolink Argus B430-B, 5MP, Wi-Fi, Pan & Tilt, Detektim Personi/Mjeti/Kafshe, Vizion Nata me Ngjyra, IP64, e Zezë",Foleja,139.0,Smart Home/Camera
"Kamerë dome Reolink P344, 12MP, PoE, Smart, e bardhë",Foleja,139.0,Smart Home/Camera
"Kamerë Reolink P340, Smart 12MP PoE, Njoftime për Persona/Vetura/Kafshë, Vizion Nata me Ngjyra, Audio Dy-Drejtimëshe, IP, Brendshme & Jashtme, e Lidhur, 700 lm, 6500 K, Antenë e Brendshme",Foleja,139.0,Smart Home/Camera
"Kamerë monitorimi Reolink P830, Ethernet, PoE, e bardhë",Foleja,139.0,Smart Home/Camera
"Kamerë IP Reolink E Series E540, e zezë",Foleja,139.0,Smart Home/Camera
"Rekorder Reolink NVS4 PN-4-NHD, 4 kanale, H.264/H.265",Foleja,139.0,Smart Home/Camera
"Kamerë monitorimi Reolink P344, PoE, e bardhë",Foleja,145.0,Smart Home/Camera
"Kamerë sigurie TP-Link VIGI 4MP, Pan Tilt, Dual-Lens, Varifokal, IP66, bardhë/zezë",Foleja,147.0,Smart Home/Camera
"Kamerë sigurie Reolink P430-B PoE, 4K, audio dy-drejtimëshe, IP67, e zezë",Foleja,149.0,Smart Home/Camera
"Monitor Benq GW2791, 27"", IPS, FHD 1080, 100Hz, i zi",Foleja,149.0,Monitor
"Kamera Sigurie Reolink Argus Series B350, me WiFi, e bardhë",Foleja,149.0,Smart Home/Camera
"Kamerë e jashtme Reolink P430, 4K, PoE, 5X Zoom Optik, Bardhë",Foleja,149.0,Smart Home/Camera
"Tablet Lenovo Tab 4G, 128 GB, 10.1"", Gri",Foleja,149.0,Tablet
"Kamerë sigurie Reolink Argus B330-B, 5MP, Detektim person/makinë, Vizion nate me ngjyra, Wi-Fi 5/2.4 GHz, e bardhë",Foleja,149.0,Smart Home/Camera
"Tablet Lenovo Mediatek Helio G85 64 GB 10.1"" LTE Wi-Fi Android 14 Gri",Foleja,149.0,Tablet
"Kamerë monitorimi Reolink P430, 4K, e bardhë",Foleja,149.0,Smart Home/Camera
Kartelë Micro SDXC SanDisk 1TB për Nintendo Switch Zelda,Foleja,149.0,Gaming
"Celular Xiaomi Redmi 15C, 6.9"", 4 GB RAM, 256 GB, 6000 mAh, i zi",Foleja,159.0,Smartphone
"Kamerë sigurie TP-Link VIGI C445, IP, Brendshme & jashtme, Me kabllo, 120 dB, Tavan/mur, Bardhë",Foleja,159.0,Smart Home/Camera
"Kamerë sigurie Reolink P430, 4K, PoE, 5X Zoom Optik, Bardhë",Foleja,159.0,Smart Home/Camera
"Kamerë sigurie Reolink Duo Series W730, 4K, Wi-Fi, pamje panoramike 180°, e bardhë",Foleja,159.0,Computer/Component
"Monitor BenQ GW2790, 27"", IPS, FHD, 100Hz, i zi",Foleja,159.0,Monitor
"Kamerë sigurie TP-Link VIGI C455, IP, 2.8mm, tavan, e bardhë",Foleja,159.0,Smart Home/Camera
"Kamerë sigurie TP-Link VIGI C345, IP, e jashtme, me kabllo, 120 dB",Foleja,159.0,Smart Home/Camera
"Kamerë sigurie TP-Link VIGI C445, IP, Brendshme & jashtme, E bardhë",Foleja,159.0,Smart Home/Camera
"Celular Motorola razr 50 Ultra, 12 GB, 512 GB, Spring Green",Foleja,159.0,Smartphone
"Kamerë dere Reolink D340P, 5MP, PoE, Detektim personi, Dy-drejtim audio, e zezë, e bardhë",Foleja,159.0,Smart Home/Camera
"Kamerë sigurie Reolink P434, 4K, PoE, 3X Zoom Optik, Detektim Personi/Mjeti/Kafshe, Vizion Nata me Ngjyra, Bardhë",Foleja,159.0,Smart Home/Camera
"Kamerë Reolink W430, 4K, Wi-Fi 6, 5X Zoom, Detektim Personi/Veture/Kafshe, Vizion Naten me Ngjyra",Foleja,159.0,Smart Home/Camera
"Kamerë monitorimi Reolink E Series E560, WiFi, Ethernet, e bardhë",Foleja,159.0,Smart Home/Camera
"Zile Video Smart me Bateri TP-Link Tapo, e Bardhë",Foleja,159.0,Smart Home/Camera
"Celular Xiaomi Redmi 15, 6/128GB, i zi",Foleja,169.0,Smartphone
"Celular Xiaomi Redmi 15, 6/128GB, Titan Gray",Foleja,169.0,Smartphone
"Celular Xiaomi Redmi Note 14, 6.67"" 6+128GB, 5G, i zi",Foleja,169.0,Smartphone
"Dera me kamerë TP-Link Tapo D235, wireless, 10000 mAh, e bardhë",Foleja,169.0,Smart Home/Camera
"Kamerë sigurie TP-Link VIGI C355, IP, Outdoor, Wired, 120 dB, e bardhë",Foleja,169.0,Smart Home/Camera
"Kamerë sigurie TP-Link VIGI C355, IP, e jashtme, e lidhur me kabllo",Foleja,169.0,Smart Home/Camera
Tablet Lenovo Tab G1 64GB 4RAM LTE 4G grey,Foleja,169.0,Tablet
"Kamerë sigurie Reolink P437, 4K, IK10, PoE, 5X Zoom, 6500 K",Foleja,169.0,Smart Home/Camera
"Kamerë Reolink Duo Series P730, 4K, PoE, Pamje Panoramike 180°, Bardhë",Foleja,169.0,Computer/Component
"Kamera sigurie Reolink W430, e bardhë",Foleja,169.0,Smart Home/Camera
"Kamerë monitorimi Reolink W437, WiFi, rezolucion 3840 x 2160, e bardhë",Foleja,170.0,Smart Home/Camera
"Kamerë sigurie IP TP-Link INSIGHT S345, e jashtme, me kabllo, 80m, 120 dB",Foleja,178.0,Smart Home/Camera
"Robot pastrues Lenovo E2 Pro, automatik, 450 ml, 120 min, HEPA, i zi",Foleja,179.0,Other
"Kamerë IP Reolink E Series E560, 4K UHD, Wi-Fi 6, zmadhim optik 3X, bardhë",Foleja,179.0,Smart Home/Camera
"Celular Xiaomi Redmi Note 14 4G, 6GB RAM, 128GB, lime green",Foleja,183.0,Smartphone
"Kamerë sigurie TP-Link INSIGHT S355, IP, jashtë, me kabllo, 64m, 120 dB, për mur",Foleja,184.0,Smart Home/Camera
"Celular Xiaomi Redmi 15, 8 GB RAM, 256 GB, Titan Gray",Foleja,189.0,Smartphone
"Maus Logitech MX Master 2S, wireless, laser, 1000 DPI, grafit",Foleja,189.0,Gaming
"Robot pastrues Midea M6, i bardhë",Foleja,189.0,Other
"Kamerë sigurie TP-Link VIGI C355, IP, e jashtme, me kabllo, 120 dB, e bardhë",Foleja,189.0,Smart Home/Camera
"Kamerë sigurie Reolink P830, Smart 4K PT, Auto Tracking, Person/Vehicle/Pet Detection, 355º Pan & 90º Tilt, IP, Wired, White, Black",Foleja,189.0,Smart Home/Camera
"Kamerë sigurie Reolink Argus Series B440, 4K, pa tela, bardhë",Foleja,189.0,Smart Home/Camera
"Kamerë monitorimi Reolink TRACKMIX Series P760, PoE, e bardhë",Foleja,189.0,Smart Home/Camera
"Kamerë sigurie TP-Link InSight S245, IP, për jashtë, me kabllo, 80m, 120dB, tavan",Foleja,192.0,Smart Home/Camera
"Maus Logitech G502 X PLUS wireless RGB, 25600 DPI, i bardhë",Foleja,199.0,Gaming
"Maus gaming Logitech G502 X PLUS, wireless, RGB, 25600 DPI, i zi",Foleja,199.0,Gaming
"Kamerë per jasht Reolink Go Series G340, me rezolucion të lartë dhe funksione Smart Home",Foleja,199.0,Smart Home/Camera
"Tablet Lenovo Tab M11, Mediatek, 128 GB, 10.9"", 8 GB RAM, Gri",Foleja,199.0,Tablet
"Celular Xiaomi Redmi Note 14, 6.67"", 8+256GB, i gjelbër",Foleja,199.0,Smartphone
"Celular Xiaomi Redmi Note 14, 6.67"", 8+256GB, i zi",Foleja,199.0,Smartphone
"Celular Xiaomi Redmi Note 14, 6.67"", 8+256GB, i kaltër",Foleja,199.0,Smartphone
"Celular Xiaomi Redmi Note 14, 6.67"", 8+256GB, DS, i gjelbër",Foleja,199.0,Smartphone
"Maus Logitech G PRO X SUPERLIGHT 2 DEX, 5 butona, wireless/kabllo, pink",Foleja,209.0,Gaming
"Celular Xiaomi Redmi Note 14, 8 GB, 256 GB, Lime Green",Foleja,209.0,Smartphone
"Kamerë sigurie Reolink Argus Series B730, 8MP, 4K, Wi-Fi, bardhë",Foleja,209.0,Smart Home/Camera
"Kamera sigurie TP-Link Tapo, sistem me 2 kamera, wireless, 2K QHD, IP65, bardhë",Foleja,209.0,Smart Home/Camera
"Kamerë Reolink TrackMix P760, 4K, Dual View, PoE, Bardhë",Foleja,209.0,Smart Home/Camera
"Maus Logitech G PRO X, optik, RF pa tela, 32000 DPI, bardhë",Foleja,209.0,Gaming
"Kamerë monitorimi Reolink GO Series G430 + Panel diellor, e bardhë",Foleja,209.0,Smart Home/Camera
"Kamerë dere Reolink D340B, 4 MP, 64GB, e zezë",Foleja,209.0,Smart Home/Camera
"Celular Xiaomi Redmi Note 14, 8 GB, 256 GB, Ocean Blue",Foleja,219.0,Smartphone
"Kamerë sigurie IP TP-Link VIGI C485, 360°, 2-way audio, microSD, e bardhë",Foleja,219.0,Smart Home/Camera
"Kamerë sigurie Reolink TrackMix Series P760, 4K, Dual View, Auto-Zoom Tracking, PoE, Ngjyrë e bardhë",Foleja,219.0,Smart Home/Camera
"Tastaturë Logitech G915 X TKL, mekanike, RGB, e bardhë",Foleja,219.0,Gaming
"Kamerë e jashtme Reolink TrackMix Series W760, 4K, Dual View, Auto-Zoom Tracking, 2.4/5Ghz Wi-Fi, Color Night Vision",Foleja,219.0,Smart Home/Camera
"Kamerë sigurie IP TP-Link INSIGHT S385, jashtë, me kabllo, 107m, 120 dB",Foleja,229.0,Smart Home/Camera
"Kamerë sigurie Reolink Argus Series B740X, IP, Wireless, Google Assistant, e zezë, e bardhë",Foleja,229.0,Smart Home/Camera
"Kamerë sigurie Reolink ALTAS Series B660, IP, 8 MP, 4K, Wireless, Bardhë",Foleja,239.0,Smart Home/Camera
"Monitor BenQ BL2490T, 24 inç, IPS, FHD, 100 Hz, i zi",Foleja,239.0,Monitor
"Kamerë sigurie TP-Link INSIGHT S485, IP, jashtë, wired, 85m, 120dB, tavan, e bardhë",Foleja,239.0,Smart Home/Camera
"Celular Xiaomi Redmi Note 14, 6.67"" 8+256GB, 5G, i zi",Foleja,239.0,Smartphone
"Celular Xiaomi Redmi Note 14, 6.67"", 8+256GB, 5G, vjollcë",Foleja,239.0,Smartphone
"Tablet Lenovo Tab M11 4G LTE 128 GB, 11"", Gri",Foleja,239.0,Tablet
"Kamera jashtëqitëse Reolink Trackmix Series W760, me WiFi, e bardhë",Foleja,243.0,Smart Home/Camera
"Kamerë sigurie IP TP-Link INSIGHT S385, për jashtë, lidhje me kabllo, 85m, 120 dB, montim në mur",Foleja,244.0,Smart Home/Camera
"Kamerë sigurie TP-Link InSight S285, IP, Outdoor, Wired, 8MP, 85m, 120dB, tavan",Foleja,245.0,Smart Home/Camera
"Monitor gaming BenQ EX251, 24.5"", IPS, 220Hz, 1ms, FullHD, E zezë/E bardhë",Foleja,249.0,Monitor
"Monitor BenQ BL2486TC, 23.8"", IPS, FHD, 100 Hz, i zi",Foleja,249.0,Monitor
"Celular Xiaomi Redmi Note 14 Pro 8+256GB 6.67"" 4G Aurora Purple",Foleja,249.0,Smartphone
"Celular Xiaomi Redmi Note 14 Pro, 6.67"", 8+256GB, i zi",Foleja,249.0,Smartphone
"Celular Xiaomi Redmi Note 14, 6.67"", 8+256GB, 5G, vjollcë",Foleja,249.0,Smartphone
"Celular Xiaomi Redmi Note 14, 6.67"", 8+256GB, 5G, i zi",Foleja,249.0,Smartphone
"Tablet Lenovo Tab Plus, Mediatek, 128 GB, 11.5"", 8 GB RAM, Android 14, Gri",Foleja,249.0,Tablet
Celular Xiaomi POCO M7 Pro 8/256GB Fioletowy,Foleja,259.0,Smartphone
"Celular Xiaomi POCO M7 Pro 8/256GB, Gjelbër",Foleja,259.0,Smartphone
"Celular Xiaomi POCO M7 Pro 8/256GB, Srebrny",Foleja,259.0,Smartphone
"Celular Xiaomi Redmi Note 14 6.67"", 8+256GB, 5G, i gjelbër",Foleja,259.0,Smartphone
"Celular Xiaomi Redmi 15 5G, 8GB RAM, 256GB, zi",Foleja,269.0,Smartphone
"Robot pastrues UWANT U100 Lite me mop, stacion karikimi, Gri",Foleja,269.0,Other
"Kamerë sigurie IP TP-Link InSight S285, 8MP, Full-Color, Outdoor, Wired, 107m, 120dB, për tavan",Foleja,269.0,Smart Home/Camera
"Kamerë sigurie TP-Link INSIGHT S445, IP, jashtme, wired, 64m, 120dB, tavan, bardhë",Foleja,269.0,Smart Home/Camera
"Celular Xiaomi Redmi Note 14 Pro, 6.67"", 8+256GB, vjollcë",Foleja,269.0,Smartphone
"Celular Xiaomi Redmi Note 14 Pro, 6.67"", 8+256GB, i kaltër",Foleja,269.0,Smartphone
"Tastierë gaming Logitech G915 X LIGHTSPEED TKL, mekanike, USB + RF Wireless + Bluetooth, LED, e zezë",Foleja,269.0,Other
"Celular Xiaomi Redmi Note 14, 6.67"", 8+256GB, 5G, i gjelbër",Foleja,269.0,Smartphone
"Tablet Samsung Galaxy Tab S6 Lite LTE, 64 GB, 4 GB, Gri",Foleja,274.0,Tablet
"Konzolë portabile Sony PlayStation Portal, për PS5, LCD, e zezë",Foleja,275.0,Gaming
"Smartwatch Samsung Galaxy Watch 8, 40 mm, 32 GB, 4G, Graphite",Foleja,279.0,Smartphone
"Monitor gaming BenQ EX271, 27 inç, IPS, 180Hz, Full HD, i bardhë/zi",Foleja,279.0,Monitor
"Kamerë sigurie IP TP-Link INSIGHT S345, e jashtme, me kabllo, 64m, 120 dB",Foleja,279.0,Smart Home/Camera
"Monitor BenQ GW2786TC, 27"", IPS, 100Hz, Bardhë",Foleja,279.0,Monitor
"Monitor Benq BL2790T, 27"", IPS, FHD 1080, 100Hz, i zi",Foleja,279.0,Monitor
"Tastierë gaming Logitech G PRO X TKL LIGHTSPEED, mekanike, RGB, pa tela, e zezë",Foleja,279.0,Other
"Kamerë IP Reolink DUO 2 LTE, dy lente, Bardhë",Foleja,279.0,Smart Home/Camera
"Kamerë sigurie IP Reolink P840, 8MP, 360°, 5x ZOOM, Bardhë",Foleja,279.0,Smart Home/Camera
"Celular Xiaomi Redmi Note 14 Pro, 8 GB, 256 GB, 200 MP, Purple",Foleja,289.0,Smartphone
"Celular Xiaomi Redmi Note 14 Pro, 8 GB, 256 GB, Ocean Blue",Foleja,289.0,Smartphone
"Kamerë sigurie TP-Link INSIGHT S455, IP, jashtë, me kabllo, 64m, 120dB, tavan",Foleja,289.0,Smart Home/Camera
"Smartwatch Samsung Galaxy Watch 8, 44 mm, 32 GB, Silver",Foleja,289.0,Smartphone
"Kamerë sigurie TP-Link VIGI InSight S345ZI, IP, Outdoor, 4MP, motorized varifocal, e bardhë",Foleja,289.0,Smart Home/Camera
"Kamerë sigurie TP-Link VIGI InSight S445ZI, IP, jashtë, 120 dB, tavan, e bardhë",Foleja,289.0,Smart Home/Camera
"Tastierë mekanike gaming Logitech G915 X LIGHTSPEED, QWERTZ, RGB, wireless & USB, e zezë",Foleja,289.0,Other
"Kamerë sigurie TP-Link INSIGHT S455, IP, Outdoor, Wired, 80m, 120dB, tavan, e bardhë",Foleja,289.0,Smart Home/Camera
"Kamera monitorimi Reolink DUO Series G750 LTE, e bardhë",Foleja,289.0,Smart Home/Camera
"Kamerë sigurie TP-Link INSIGHT S445, IP, jashtë, me kabllo, 80m, 120 dB, për tavan",Foleja,293.0,Smart Home/Camera
"Kamerë sigurie Reolink P840 PoE, 4K, zmadhim 5x, IP66, bardhë/zezë",Foleja,299.0,Smart Home/Camera
"Monitor BenQ BL2786TC, 27"", IPS, 100Hz, FHD, i zi",Foleja,299.0,Monitor
"Kamerë Reolink Go Series G450 me Panel Diellor 2, ngjyrë kaki",Foleja,299.0,Smart Home/Camera
"Smartwatch Samsung Galaxy Watch7, 3.81 cm, AMOLED, Wi-Fi, GPS, LTE, Gjelbër",Foleja,299.0,Smartphone
"Kamerë sigurie TP-Link INSIGHT S485, IP, jashtë, me kabllo, 107m, 120 dB, tavan",Foleja,305.0,Smart Home/Camera
"Kamerë sigurie IP TP-Link INSIGHT S355, e jashtme, me kabllo, 80m, 120 dB",Foleja,309.0,Smart Home/Camera
"Kamerë sigurie TP-Link INSIGHT S355, IP, 5MP, Outdoor, Wired, bardhë",Foleja,309.0,Smart Home/Camera
"Kamerë monitorimi Reolink P840, 8MP, PoE, e bardhë",Foleja,309.0,Smart Home/Camera
"Celular Xiaomi Redmi Note 14 Pro, 6.67"", 8+256GB, 5G, i zi",Foleja,309.0,Smartphone
"Smartwatch Samsung Galaxy Watch 8, 44 mm, 32 GB, Silver",Foleja,319.0,Smartphone
"Kamerë sigurie IP TP-Link InSight S245, outdoor, me kabllo, 64m, 120 dB, për tavan",Foleja,319.0,Smart Home/Camera
"Kufje gaming Logitech G PRO X me mikrofon + Maus kabllor PRO X Superlight, 25600 DPI, e zezë",Foleja,319.0,Gaming
"Kamerë sigurie TP-Link INSIGHT S345, IP, jashtë, me kabllo, 120m, 120dB, montim në mur",Foleja,319.0,Smart Home/Camera
"Tablet Samsung Galaxy Tab S6 Lite SM-P613, 128 GB, 4 GB RAM, Gri",Foleja,319.0,Tablet
"Tablet Lenovo Tab K11 Enhanced Edition, 128 GB, 8 GB RAM, Android 13, Gri",Foleja,329.0,Tablet
"Smartwatch Samsung Galaxy Watch 8 Classic, 46 mm, AMOLED, Silver",Foleja,339.0,Smartphone
"Celular Xiaomi Redmi Note 14 Pro, 6.67"", 8+256GB, 5G, vjollcë",Foleja,339.0,Smartphone
"Smartwatch Samsung Galaxy Watch 8 Classic, 46 mm, 4G, Silver",Foleja,359.0,Smartphone
"Tastierë me trackpad Logitech për iPad Pro 13-inch (M4), QWERTY, anglisht, me dritë, e zezë",Foleja,359.0,Tablet
"Celular Xiaomi Redmi Note 14 Pro+, 6.67"", 8+256GB, 5G, i zi",Foleja,369.0,Smartphone
"Celular Xiaomi Redmi Note 14 Pro, 6.67"", 12+512GB, 5G, i gjelbër",Foleja,369.0,Smartphone
"Celular Xiaomi Redmi Note 14 Pro, 6.67"", 12+512GB, 5G, i zi",Foleja,369.0,Smartphone
"Celular Xiaomi Redmi 15 5G, 8GB RAM, 256GB, gjelbër",Foleja,379.0,Smartphone
"Monitor gaming BenQ EX271Q, 27"", 2K, 180Hz, IPS, i bardhë/zi",Foleja,379.0,Monitor
"Celular Xiaomi Redmi Note 14 Pro+, 6.67"", 8+256GB, 5G, i kaltër",Foleja,379.0,Smartphone
Tablet Apple iPad 11-inch Wi-Fi 128GB rozë,Foleja,384.0,Tablet
"Tablet Apple iPad 11-inch Wi-Fi 128GB, i verdhë",Foleja,384.0,Tablet
Monitor gaming DELL Alienware AW2723DF 27 inç QHD 2560x1440,Foleja,388.0,Monitor
"Celular Xiaomi Redmi Note 14 Pro, 6.67"", 12+512GB, 5G, vjollcë",Foleja,389.0,Smartphone
"Celular Xiaomi Redmi Note 14 Pro+, 6.67"", 8+256GB, 5G, i kaltër",Foleja,389.0,Smartphone
"Celular Xiaomi POCO X7, 12/512GB, i gjelbër",Foleja,389.0,Smartphone
"Celular Xiaomi POCO X7 12/512GB, i zi",Foleja,389.0,Smartphone
"Celular Xiaomi POCO X7 12/512GB, Srebrny",Foleja,389.0,Smartphone
"Kamerë sigurie TP-Link VIGI InSight S385PI, IP, Outdoor, Wired",Foleja,396.0,Smart Home/Camera
Tastierë Apple Magic për iPad Pro 11 (M4) daneze e bardhë,Foleja,399.0,Tablet
Tastierë Apple Magic për iPad Pro 11 (M4) holandisht e bardhë,Foleja,399.0,Tablet
"Smartwatch Samsung Galaxy Watch8 SM-L320 40mm, 32GB, Graphite",Foleja,400.0,Smartphone
"Robot pastrues UWANT U100 me mop, stacion mbushje/pastrimi, i zi",Foleja,409.0,Other
"Tablet Apple iPad, 256 GB, 10.2"", Space Grey",Foleja,409.0,Tablet
Tablet Lenovo Idea Tab Pro 128GB 8RAM 3K Wi-Fi gri,Foleja,409.0,Tablet
"Kamerë sigurie IP Reolink P850, 8MP, 360°, 16xZOOM, Bardhë",Foleja,409.0,Smart Home/Camera
"Kamerë monitorimi Reolink P850, Ethernet, PoE, bardhë-e zezë",Foleja,415.0,Smart Home/Camera
Tablet Apple iPad 10.2 256GB Wi-Fi 9th Gen argjendtë,Foleja,419.0,Tablet
"Monitor BenQ BL2790QT, 27"", 2K QHD, IPS, 75Hz, USB-C, HDMI, i zi",Foleja,419.0,Monitor
Tablet Apple iPad 11-inch Wi-Fi 128GB Blu,Foleja,419.0,Tablet
"Tablet Apple iPad 11 Wi-Fi 128GB, Silver",Foleja,419.0,Tablet
"Robot fshesë ECOVACS DEEBOT N20 PLUS, Bardhë",Foleja,419.0,Other
"Tablet Samsung Galaxy Tab Active5 Enterprise Edition, 128 GB, 6 GB RAM, Android 14, Gjelbër",Foleja,419.0,Tablet
"Tastierë Apple Magic Keyboard për iPad Pro 11 M4, QWERTY, suedeze, e bardhë",Foleja,420.0,Tablet
"Kamerë sigurie Reolink P850 PoE, 4K, auto-tracking, IP66, e bardhë/zezë",Foleja,429.0,Smart Home/Camera
Tablet Lenovo Idea Tab Pro 256GB 12RAM 3K Wi-Fi gri,Foleja,439.0,Tablet
Smartwatch Samsung Galaxy Watch8 LTE SM-L325 40mm argjendtë,Foleja,446.0,Smartphone
"Smartwatch Samsung Galaxy Watch7 1.3"" AMOLED, GPS, Wi-Fi, green",Foleja,449.0,Smartphone
"Tablet Samsung Galaxy Tab Active5 Wi-Fi 8"" 128GB 6GB Android 14 gjelbër",Foleja,449.0,Tablet
"Smartwatch Samsung Galaxy Watch8 SM-L330 44mm, 32GB, Silver, rrip i bardhë",Foleja,457.0,Smartphone
Smartwatch Samsung Galaxy Watch8 LTE SM-L335 44mm 32GB argjendtë,Foleja,469.0,Smartphone
"Monitor Benq PD2705U, 27 inç, IPS, 4K UHD, i zi",Foleja,469.0,Monitor
"Tablet Samsung Galaxy Tab S9 FE Enterprise Edition, 128 GB, 6 GB RAM, Android 13, Gri",Foleja,469.0,Tablet
"Tastierë me trackpad Apple Magic Keyboard për iPad Pro 11-inch (M4) QWERTY, UK English, e zezë",Foleja,473.0,Tablet
Celular Xiaomi POCO X7 Pro 12/512GB i verdhë,Foleja,479.0,Smartphone
"Celular Xiaomi POCO X7 Pro, 12/512GB, i gjelbër",Foleja,479.0,Smartphone
"Monitor BenQ GW3290QT, 31.5"", 2K QHD, IPS, 75Hz, Bardhë",Foleja,489.0,Monitor
"Smartwatch Apple Watch Series 10 GPS 46mm, 64 GB, Silver, Blue",Foleja,489.0,Smartwatch
"Smartwatch Samsung Galaxy Watch Ultra, 3.81 cm, AMOLED, Wi-Fi, GPS, e bardhë",Foleja,489.0,Smartphone
Smartwatch Samsung Galaxy Watch8 SM-L320 40mm 32GB argjendtë,Foleja,491.0,Smartphone
"Smartwatch Samsung Galaxy Watch7 1.5"" AMOLED 425mAh Wi-Fi GPS, e gjelbër",Foleja,499.0,Smartphone
"Tastierë Apple Magic Keyboard për iPad Pro 13-inch (M4), QWERTY, Trackpad, Black",Foleja,499.0,Tablet
"Smartwatch Apple Watch Series 10 GPS 42mm, 64 GB, Jet Black",Foleja,499.0,Smartwatch
"Smartwatch Samsung Galaxy Watch8 Classic 46mm LTE SM-L505, 64GB, e zezë",Foleja,509.0,Smartphone
"Smartwatch Samsung Galaxy Watch7, 1.3 inç, LTE, 300mAh, krem",Foleja,519.0,Smartphone
"Kamerë sigurie TP-Link InSight S655I, IP, e brendshme, e lidhur me kabllo, 120 dB",Foleja,529.0,Smart Home/Camera
"Celular Xiaomi 14T, 6.67"", 12+256GB, DS, 5G, i zi",Foleja,529.0,Smartphone
"Smartwatch Samsung Galaxy Watch8 Classic SM-L500 46mm, 64GB, bardhë",Foleja,547.0,Smartphone
Tablet Samsung Galaxy Tab S10 FE 5G 8GB 128GB blu,Foleja,549.0,Tablet
"Smartwatch Samsung Galaxy Watch8 LTE SM-L335 44mm, 32GB, Dark Gray",Foleja,549.0,Smartphone
"Kamerë sigurie TP-Link INSIGHT S345-4G, IP, Outdoor, 4G, 3 LAN porta, 80m, 120 dB",Foleja,549.0,Smart Home/Camera
"Apple Watch S10 GPS, 42mm, Jet Black Aluminum Case with Black Sport Band, S/M",Foleja,549.0,Smartwatch
"Smartwatch Samsung Galaxy Watch8 Classic SM-L500 46mm, 64GB, e zezë",Foleja,559.0,Smartphone
"Tablet Apple iPad 11-inch Wi-Fi 256GB, rozë",Foleja,559.0,Tablet
Tablet Apple iPad 11-inch 256GB iPadOS 18 verdhë,Foleja,559.0,Tablet
"Monitor BenQ BL3290QT, 31.5 inç, 2K QHD, IPS, 75Hz, i zi",Foleja,559.0,Monitor
Tablet Apple iPad 11 Wi-Fi 256GB Blu,Foleja,559.0,Tablet
"Tablet Samsung Galaxy Tab S10 FE+, 13.1"", 8 GB RAM, 128 GB, Wi-Fi 6, Argjendtë",Foleja,569.0,Tablet
Tablet Apple iPad 11 Wi-Fi 256GB Silver,Foleja,570.0,Tablet
"Tablet Samsung Galaxy Tab S10 FE 5G, 128 GB, 8 GB RAM, Gri",Foleja,579.0,Tablet
"Tablet Samsung Galaxy Tab S10 FE, 256 GB, 12 GB RAM, Gri",Foleja,579.0,Tablet
"Kamerë sigurie IP TP-Link VIGI InSight S245ZI, Outdoor, Wired, 200 m, 120 dB, Ceiling",Foleja,589.0,Smart Home/Camera
"Tablet Samsung Galaxy Tab S10 FE+ 13.1"", 8GB/128GB, gri",Foleja,589.0,Tablet
"Smartwatch Samsung Galaxy Watch6 LTE SM-R945F 44mm, 16GB, grafit",Foleja,594.0,Smartphone
Tablet Apple iPad 11-inch Wi-Fi + Cellular 128GB verdhë,Foleja,599.0,Tablet
Tablet Apple iPad 11-inch Wi-Fi + Cellular 128GB rozë,Foleja,599.0,Tablet
Tablet Apple iPad 11 Wi-Fi + Cellular 128GB Argjendtë,Foleja,599.0,Tablet
Tablet Apple iPad 11 Wi-Fi + Cellular 128GB Blu,Foleja,599.0,Tablet
"Smartwatch Samsung Galaxy Watch8 Classic 46mm LTE SM-L505, 64GB, bardhë",Foleja,603.0,Smartphone
"Tablet Samsung Galaxy Tab S10 FE+ 5G, 13.1"", 8 GB RAM, 128 GB, Argjendtë",Foleja,619.0,Tablet
Tablet Samsung Galaxy Tab Active 5 Pro 8GB 256GB LTE gjelbër,Foleja,629.0,Tablet
"Tablet Samsung Galaxy Tab S10 FE, 128 GB, 8 GB RAM, Gri",Foleja,629.0,Tablet
Smartwatch Samsung Galaxy Watch8 LTE SM-L325 40mm 32GB grafit,Foleja,631.0,Smartphone
Smartwatch Samsung Galaxy Watch8 SM-L330 44mm 32GB grafit,Foleja,647.0,Smartphone
"Konzolë portabile lojërash Nintendo Switch 2, 256 GB, 7.9 inç, E zezë",Foleja,649.0,Gaming
"Smartwatch Apple Watch Series 10 GPS 46mm, 64 GB, Wi-Fi, GPS, ngjyrë e kaltër",Foleja,649.0,Smartwatch
Tablet Samsung Galaxy Tab S10 FE 128GB 8GB Silver,Foleja,653.0,Tablet
"Monitor BenQ PD2706UA, 27 inç, 4K UHD, IPS, USB-C, i zi/gri",Foleja,669.0,Monitor
"Tablet Apple iPad Air 11-inch, 128GB, Starlight",Foleja,669.0,Tablet
"Tablet Apple iPad mini Wi-Fi, 128GB, Star Gray",Foleja,679.0,Tablet
"Tablet Apple iPad mini Wi-Fi, 128GB, Blu",Foleja,679.0,Tablet
"Tablet Apple iPad Air 11 Wi-Fi 128GB, Purple",Foleja,679.0,Tablet
"Tablet Samsung Galaxy Tab S10 FE 5G, 256 GB, 12 GB, Gri",Foleja,708.0,Tablet
"Tablet Samsung Galaxy Tab S9 SM-X716B, 11"", 5G, 12 GB RAM, 256 GB, Graphite",Foleja,709.0,Tablet
Smartwatch Samsung Galaxy Watch Ultra LTE 47mm titanium white,Foleja,717.0,Smartphone
Smartwatch Samsung Galaxy Watch Ultra LTE 47mm titanium gray portokalli,Foleja,719.0,Smartphone
"Apple iPhone 16e, 6.1"", 128GB, White",Foleja,719.0,Smartphone
Tablet Apple iPad 11-inch Wi-Fi + Cellular 256GB verdhë,Foleja,719.0,Tablet
Tablet Apple iPad 11-inch Wi-Fi + Cellular 256GB rozë,Foleja,719.0,Tablet
"Monitor Benq MA320U, 31.5 inç, 4K UHD, IPS, 60Hz, i zi/argjendtë",Foleja,719.0,Monitor
"Tablet Apple iPad 11-inch Wi-Fi + Cellular 256GB, Silver",Foleja,719.0,Tablet
"Tablet Apple iPad 11-inch Wi-Fi + Cellular 256GB, Blu",Foleja,719.0,Tablet
Smartwatch Samsung Galaxy Watch Ultra LTE 47mm titanium blue,Foleja,729.0,Smartphone
"Monitor BenQ RD280U, 28.2"", 4K IPS, 5ms, HDMI, DP, Gri",Foleja,729.0,Monitor
"Apple iPhone 16e, 6.1"", 128GB, white",Foleja,730.0,Smartphone
"Konsolë Sony PlayStation 5 Slim, 1TB, e zezë dhe e bardhë",Foleja,739.0,Gaming
"Sistem sigurie Reolink NVS8-8MB4, 4K UHD, 8 kanale, 100 ft natë e qartë, detektim i zgjuar, me kabllo, brenda/jashtë",Foleja,739.0,Smart Home/Camera
"Tablet Apple iPad Air 11"", 128GB, WiFi, Gri",Foleja,769.0,Tablet
"Tablet Apple iPad Air 2025 11"" 256GB Blu",Foleja,769.0,Tablet
"Apple iPhone 16e, 6.1"", 128GB, white",Foleja,778.0,Smartphone
"Smartwatch Apple Watch Series 10, 46mm, 64 GB, Jet Black",Foleja,779.0,Smartwatch
"Smartwatch Apple Watch Series 10 GPS + Cellular 46mm, 64 GB, ngjyrë ari rozë",Foleja,779.0,Smartwatch
"Smartwatch Apple Watch Series 10 GPS + Cellular 46mm 64 GB, ngjyrë e kaltër",Foleja,779.0,Smartwatch
"Smartwatch Apple Watch Series 10 GPS + Cellular 46mm, 64 GB, ngjyrë argjendi me rrip blu",Foleja,779.0,Smartwatch
Smartwatch Apple Watch Series 10 GPS + Cellular 46mm 64 GB Jet Black,Foleja,779.0,Smartwatch
Tablet Samsung Galaxy Tab S11 12GB RAM 128GB Wi-Fi gri,Foleja,789.0,Tablet
Tablet Apple iPad Air 11-inch Wi-Fi 256GB Blu,Foleja,789.0,Tablet
Tablet Apple iPad 11-inch 512GB iPadOS 18 e verdhë,Foleja,799.0,Tablet
Tablet Apple iPad 11-inch 512GB rozë,Foleja,799.0,Tablet
Tablet Apple iPad 11-inch 512GB Blu,Foleja,799.0,Tablet
Tablet Apple iPad 11 Wi-Fi 512GB Silver,Foleja,799.0,Tablet
"Smartwatch Apple Watch Series 10 GPS + Cellular 46mm, 64 GB, ngjyrë e zezë",Foleja,799.0,Smartwatch
"Monitor BenQ PD3205UA 31.5 inç, 4K, IPS, i zi",Foleja,809.0,Monitor
"Tablet Apple iPad 11"", 512GB, Silver",Foleja,839.0,Tablet
Tablet Apple iPad Air 11 Wi-Fi + Cellular 128GB Space Grey,Foleja,839.0,Tablet
iPad Air Apple 11-inch Wi-Fi + Cellular 128GB Starlight,Foleja,849.0,Tablet
iPad Air Apple 11-inch Wi-Fi + Cellular 128GB Blu,Foleja,849.0,Tablet
"Tablet Apple iPad mini, 128 GB, 5G, Purple",Foleja,849.0,Tablet
Tablet Apple iPad mini 8.3 Wi-Fi + Cellular 64GB space grey,Foleja,869.0,Tablet
Tablet Apple iPad Air 13 Wi-Fi 128GB Space Grey,Foleja,870.0,Tablet
"Tablet Samsung Galaxy Tab S9 SM-X710N, 256GB, 12GB RAM, 11 inç, Graphite",Foleja,879.0,Tablet
"Celular Xiaomi 15, 6.36"", 12+512GB, i gjelbër",Foleja,879.0,Smartphone
"Apple iPhone 16, 6.1"", 128GB, ulramarine",Foleja,889.0,Smartphone
Tablet Apple iPad Air 11-inch Wi-Fi + Cellular 128GB Purple,Foleja,889.0,Tablet
"Tablet Apple iPad Air 11-inch Wi-Fi 256GB, Gri",Foleja,909.0,Tablet
Tablet Apple iPad Air 11-inch Wi-Fi 256GB Starlight,Foleja,909.0,Tablet
"Tablet Apple iPad Air 11-inch 256GB, Purple",Foleja,909.0,Tablet
"Celular Xiaomi 15, 6.36"", 12+256GB, i bardhë",Foleja,919.0,Smartphone
"Celular Xiaomi 15, 6.36"", 12+256GB, i gjelbër",Foleja,919.0,Smartphone
"Tablet Samsung Galaxy Tab S9 25GB Wi-Fi, bezhë",Foleja,929.0,Tablet
"Apple iPhone 16, 6.1"", 128GB, teal",Foleja,929.0,Smartphone
"Apple iPhone 16, 6.1"", 128GB, pink",Foleja,929.0,Smartphone
Smartwatch Samsung Galaxy Watch Ultra LTE 47mm titanium silver,Foleja,948.0,Smartphone
"Tablet Apple iPad mini, 256 GB, 8.3"", Purple",Foleja,959.0,Tablet
"Tablet Apple iPad mini, 256 GB, iPadOS 18, Blu",Foleja,959.0,Tablet
"Tablet Apple iPad 11-inch Wi-Fi + Cellular 512GB, e verdhë",Foleja,959.0,Tablet
Tablet Apple iPad 11-inch Wi-Fi + Cellular 512GB rozë,Foleja,959.0,Tablet
"Tablet Samsung Galaxy Tab S10+, 256 GB, 12 GB RAM, 12.4"", Platini, Argjend",Foleja,969.0,Tablet
"Tablet Apple iPad Air 11"", 128 GB, WiFi + Cellular, Gri",Foleja,969.0,Tablet
"Apple iPhone 16e, 6.1"", 256GB, black",Foleja,979.0,Smartphone
"Apple iPhone 16e, 6.1"", 256GB, white",Foleja,979.0,Smartphone
"Tablet Samsung Galaxy Tab S9 Enterprise Edition SM-X716B, 128 GB, 8 GB, Android 13, Graphite",Foleja,979.0,Tablet
Tablet Apple iPad 11 Wi-Fi + Cellular 512GB Blu,Foleja,979.0,Tablet
"Apple MacBook Air, 13.6"", M4 10-core, 16GB, 256GB SSD, 8-core GPU, Starlight (QWERTZ Germany Layout)",Foleja,989.0,Computer/Component
Tablet Apple iPad Air 11 M3 256GB Wi-Fi + Cellular spacegrau,Foleja,999.0,Tablet
"Smartwatch Apple Watch Series 10 GPS + Cellular 42mm, 64 GB, Gri",Foleja,999.0,Smartwatch
"Tablet Samsung Galaxy Tab S11, 12GB RAM, 128GB, Wi-Fi, silver",Foleja,1003.0,Tablet
"Kompjuter portativ Apple MacBook Air 13.6 M4, 16GB RAM, 256GB SSD, Sky Blue",Foleja,1006.0,Computer/Component
"Apple MacBook Air, 13.6"", M3 8-core, 24GB, 512GB SSD, 10-core GPU, Starlight (QWERTY Italian Keyboard)",Foleja,1018.0,Computer/Component
"Smartwatch Apple Watch Series 10, 42mm, GPS + Cellular, 64 GB, ngjyrë e zezë",Foleja,1025.0,Smartwatch
Tablet Samsung Galaxy Tab S10+ 256GB 12RAM Wi-Fi silver,Foleja,1026.0,Tablet
"Tablet Apple iPad Air 2025 7Gen 13"" 256GB Blu",Foleja,1028.0,Tablet
Tablet Apple iPad Air 13-inch Wi-Fi 256GB Gri,Foleja,1028.0,Tablet
"Celular Apple iPhone 16, 128GB, Ultramarine",Foleja,1034.0,Smartphone
"Celular Apple iPhone 16, 128GB, Beryl Green",Foleja,1034.0,Smartphone
Tablet Apple iPad Air 11 Wi-Fi + Cellular 256GB Purple,Foleja,1035.0,Tablet
"Tablet Apple iPad Air 11 Wi-Fi + Cellular 256GB, Blu",Foleja,1042.0,Tablet
"Apple MacBook Air, 13.6"", M4 10-core, 16GB, 256GB SSD, 8-core GPU, Midnight (QWERTZ Germany Layout)",Foleja,1045.0,Computer/Component
"Tablet Apple iPad mini Wi-Fi 512GB, Starlight",Foleja,1060.0,Tablet
"Tablet Apple iPad mini Wi-Fi 512GB, 8.3 inch, vjollcë",Foleja,1060.0,Tablet
"Tablet Apple iPad mini Wi-Fi 512GB, 21.1 cm, Space Grey",Foleja,1064.0,Tablet
"Laptop Lenovo LOQ 15IRX10, 15.6"", Intel Core i5-13450HX, 16 GB RAM, 1 TB SSD, NVIDIA RTX 5050, Gri",Foleja,1076.0,Laptop
"Celular Apple iPhone 16 Plus, 128GB, Rozë",Foleja,1078.0,Smartphone
"Smartwatch Apple Watch Ultra 2 GPS + Cellular 49mm, 64 GB, Titanium i zi, Rripa jeshil",Foleja,1080.0,Smartwatch
"Smartwatch Apple Watch Series 10 GPS + Cellular 46mm, 64 GB, Gri",Foleja,1089.0,Smartwatch
"Smartwatch Apple Watch Ultra 2 GPS + Cellular 49mm, 64 GB, Ekran OLED, Ngjyrë e zezë",Foleja,1092.0,Smartwatch
Tablet Apple iPad Air 13-inch Wi-Fi + Cellular 128GB Blu,Foleja,1099.0,Tablet
"Tablet Samsung Galaxy Tab S10 Ultra, 512 GB, 12 GB RAM, 14.6"", Wi-Fi, Platinum Silver",Foleja,1099.0,Tablet
"Tablet Samsung Galaxy Tab S10 FE+ 5G, 256 GB, 12 GB RAM, Gri",Foleja,1101.0,Tablet
"Smartwatch Apple Watch Ultra 2 GPS + Cellular 49mm, 64 GB, Black Titanium Case, Black Ocean Band",Foleja,1103.0,Smartwatch
Tablet Apple iPad Air 13 Wi-Fi + Cellular 128GB Starlight,Foleja,1104.0,Tablet
"Apple iPhone 16, 6.1"", 512GB, white",Foleja,1110.0,Smartphone
Tablet Apple iPad Air 11-inch Wi-Fi 512GB Blu,Foleja,1114.0,Tablet
Tablet Apple iPad Air 11-inch Wi-Fi 512GB Gri,Foleja,1114.0,Tablet
"Tablet Apple iPad Air 11-inch 512GB, Purple",Foleja,1126.0,Tablet
"Smartwatch Apple Watch Ultra 2 GPS + Cellular 49mm, 64 GB, Black Titanium",Foleja,1128.0,Smartwatch
"Smartwatch Apple Watch Series 10 GPS + Cellular 46mm, 64 GB, Titanium, Milanese Loop",Foleja,1135.0,Smartwatch
"Tablet Samsung Galaxy Tab S10 Ultra, 256 GB, 12 GB RAM, Moonstone Grey",Foleja,1136.0,Tablet
"Tablet Apple iPad Air 13"", 256GB, WiFi, Gri",Foleja,1145.0,Tablet
"Smartwatch Apple Watch Series 10 GPS + Cellular 46mm, 64 GB, Gri",Foleja,1152.0,Smartwatch
"Smartwatch Apple Watch Ultra 2 GPS + Cellular 49mm, 64 GB, Tan",Foleja,1152.0,Smartwatch
"Smartwatch Apple Watch Ultra 2 GPS + Cellular 49mm, 64 GB, Titanium i zi, Rripa Jeshil",Foleja,1152.0,Smartwatch
"Smartwatch Apple Watch Ultra 2 GPS + Cellular 49mm, 64 GB, Tan",Foleja,1152.0,Smartwatch
"Smartwatch Apple Watch Series 10 GPS + Cellular 46mm, 64 GB, Gri",Foleja,1152.0,Smartwatch
"Smartwatch Apple Watch Ultra 2 GPS + Cellular 49mm, 64 GB, Tan",Foleja,1152.0,Smartwatch
"Smartwatch Apple Watch Ultra 2 GPS + Cellular 49mm, 64 GB, Titanium, Ngjyrë Detare",Foleja,1152.0,Smartwatch
"Smartwatch Apple Watch Ultra 2, GPS + Cellular, 49mm, 64 GB, Titanium, Blu",Foleja,1152.0,Smartwatch
"Smartwatch Apple Watch Ultra 2 GPS + Cellular 49mm, 64 GB, Titanium, Blu",Foleja,1179.0,Smartwatch
"Smartwatch Apple Watch Series 10 GPS + Cellular 46mm, 64 GB, Gold",Foleja,1183.0,Smartwatch
"Laptop Apple MacBook Air M4, 15.3"", 16 GB RAM, 256 GB SSD, Argjendtë",Foleja,1199.0,Laptop
"Tablet Apple iPad Air 13-inch, Wi-Fi, 256GB, Purple",Foleja,1199.0,Tablet
"Smartwatch Apple Watch Ultra 2 GPS + Cellular 49mm, Kasë Titanium e Zezë, Rrip Milanese e Zezë",Foleja,1210.0,Smartwatch
"Apple iPhone 16, 6.1"", 512GB, black",Foleja,1213.0,Smartphone
"Apple iPhone 16e, 6.1"", 512GB, black",Foleja,1213.0,Smartphone
"Celular Apple iPhone 16 Plus, 256GB, Rozë",Foleja,1213.0,Smartphone
"Apple iPhone 16 Plus, 128GB, white",Foleja,1219.0,Smartphone
"Tablet Samsung Galaxy Tab S10+, 512 GB, 12 GB RAM, 5G, Gri",Foleja,1225.0,Tablet
Tablet Samsung Galaxy Tab S11 12GB RAM 128GB LTE gri,Foleja,1234.0,Tablet
"Monitor BenQ PD3225U 31.5"", 4K UHD, IPS, 5ms, 2000:1, HDMI, Gri",Foleja,1235.0,Monitor
"Laptop Lenovo LOQ 15IRX10, 15.6"", Intel Core i5-13450HX, 16 GB RAM, 1 TB SSD, NVIDIA RTX 5060, Gri",Foleja,1256.0,Laptop
Tablet Apple iPad mini 7th Gen 8.3in Wi-Fi+Cellular 512GB purple,Foleja,1259.0,Tablet
"Tablet Apple iPad Air 13-inch Wi-Fi + Cellular 256GB, Purple",Foleja,1269.0,Tablet
"Tablet Samsung Galaxy Tab S10 Ultra, 256 GB, 12 GB RAM, Gri",Foleja,1271.0,Tablet
"Smartwatch Apple Watch Ultra 2 GPS + Cellular 49mm, 64 GB, Titanium i zi",Foleja,1281.0,Smartwatch
"Smartwatch Apple Watch Ultra 2 GPS + Cellular 49mm, 64 GB, Titanium",Foleja,1281.0,Smartwatch
"Smartwatch Apple Watch Ultra 2 GPS + Cellular 49mm, 64 GB, Black Titanium",Foleja,1281.0,Smartwatch
"Apple MacBook Air, 13.6"", M4 10-core, 16GB, 256GB SSD, 10-core GPU, Silver",Foleja,1285.0,Computer/Component
"Apple MacBook Air, 15.3"", M4 10-core, 16GB, 256GB SSD, 10-core GPU, Silver, (QWERTZ German Keyboard)",Foleja,1290.0,Computer/Component
"Kartelë grafike Palit GeForce RTX 5080 GamingPro OC, 16GB GDDR7, PCI Express 5.0",Foleja,1293.0,Computer/Component
Kartelë grafike Gainward RTX5080 Phoenix GS 16GB GDDR7 e zezë,Foleja,1293.0,Computer/Component
Tablet Apple iPad Air 11 Wi-Fi + Cellular 512GB Starlight,Foleja,1295.0,Tablet
"Apple iPhone 16e, 6.1"", 512GB, black",Foleja,1299.0,Smartphone
Tablet Apple iPad Air 13-inch Wi-Fi + Cellular 256GB Blu,Foleja,1315.0,Tablet
"Celular Apple iPhone 16 Plus, 256GB, iOS 18, i zi",Foleja,1324.0,Smartphone
Tablet Apple iPad Air 11 Wi-Fi + Cellular 512GB Space Grey,Foleja,1327.0,Tablet
"Kartelë grafike INNO3D iChill GeForce RTX 5080 X3, 16 GB GDDR7, 3x HDMI, 3x DisplayPort, e zezë",Foleja,1342.0,Computer/Component
Tablet Apple iPad Air 13 Wi-Fi + Cellular 256GB Starlight,Foleja,1359.0,Tablet
"Kartelë grafike MSI VENTUS GeForce RTX 5080 16 GB, e bardhë",Foleja,1366.0,Computer/Component
"Kartelë grafike Gigabyte GeForce RTX 5080 GAMING OC 16G, 16 GB GDDR7, e zezë",Foleja,1369.0,Computer/Component
"Tablet Apple iPad Air 11, 1TB, Blu",Foleja,1372.0,Tablet
"Kartelë grafike Gigabyte GeForce RTX 5080 AERO OC SFF 16G, 16 GB, e bardhë",Foleja,1374.0,Computer/Component
"Kartelë grafike Gigabyte GeForce RTX 5080 GAMING OC 16G, 16GB, E zezë",Foleja,1379.0,Computer/Component
"Tablet Apple iPad Air 13"", 512 GB, WiFi, Gri",Foleja,1396.0,Tablet
"Kartelë grafike Gigabyte GeForce RTX 5080 WINDFORCE OC SFF 16G, 16GB GDDR7, E zezë",Foleja,1399.0,Computer/Component
"Kartelë grafike MSI Gaming GeForce RTX 5080 16 GB GDDR7, E zezë",Foleja,1399.0,Computer/Component
Kartelë grafike Inno3D RTX5080 iChill X3 16GB GDDR7 e zezë,Foleja,1403.0,Computer/Component
"Tablet Apple iPad Air 11-inch Wi-Fi 1TB, Starlight",Foleja,1413.0,Tablet
"Apple iPhone 16, 6.1"", 512GB, pink",Foleja,1485.0,Smartphone
"Celular Xiaomi 14 Ultra, 6.73"", 16+512GB, 5G, i zi",Foleja,1486.0,Smartphone
